"zone","sch","ga","ugb","elem","middle","high","transitDistricts","elemEnrl","middleEnrl","highEnrl"
1,0,0,0,1,1,1,0,0,0,0
2,0,0,0,2,2,2,0,0,0,0
3,0,0,0,3,3,3,0,0,0,0
4,0,0,0,4,4,4,0,0,0,0
5,0,0,0,5,5,5,0,0,0,0
6,0,0,0,6,6,6,0,0,0,0
7,0,0,0,7,7,7,0,0,0,0
8,0,0,0,8,8,8,0,0,0,0
9,0,0,0,9,9,9,0,0,0,0
10,0,0,0,10,10,10,0,0,0,0
11,0,0,0,11,11,11,0,0,0,0
12,0,0,0,12,12,12,0,0,0,0
13,0,0,0,13,13,13,0,0,0,0
14,0,0,0,14,14,14,0,0,0,0
15,0,0,0,15,15,15,0,0,0,0
16,0,0,0,16,16,16,0,0,0,0
17,0,0,0,17,17,17,0,0,0,0
18,0,0,0,18,18,18,0,0,0,0
19,0,0,0,19,19,19,0,0,0,0
20,0,0,0,20,20,20,0,0,0,0
21,0,0,0,21,21,21,0,0,0,0
22,0,0,0,22,22,22,0,0,0,0
23,0,0,0,23,23,23,0,0,0,0
100,1,3,1,284,120,108,2,0,0,0
101,1,3,2,284,120,108,2,0,0,0
102,1,3,1,284,120,108,2,0,0,0
103,2,3,1,603,581,704,3,0,0,0
104,1,3,1,284,120,108,2,0,0,0
105,1,3,1,284,120,108,2,0,0,0
106,1,3,1,284,120,108,2,0,0,0
107,1,2,4,133,120,108,2,0,0,0
108,1,2,4,133,120,108,2,0,0,1051
109,1,2,4,284,120,108,2,0,0,0
110,1,3,1,162,161,181,2,0,0,0
111,1,3,1,162,161,181,2,0,0,0
112,1,2,4,162,161,181,2,0,0,0
113,1,2,1,162,161,181,2,0,0,0
114,1,2,1,162,161,181,2,0,0,0
115,1,2,4,133,120,108,2,0,0,0
116,1,3,4,133,120,108,2,0,0,0
117,1,2,4,133,120,108,2,0,0,0
118,1,2,4,284,120,108,2,0,0,0
119,1,2,4,133,120,108,2,0,0,0
120,1,2,4,284,120,108,2,0,616,0
121,1,2,4,284,120,108,2,0,0,0
122,1,3,1,284,120,108,2,0,0,0
123,1,2,4,133,120,108,2,0,0,0
124,1,2,4,133,120,108,2,0,0,0
125,1,2,4,145,120,108,2,0,0,0
126,1,3,4,145,120,108,2,0,0,0
127,1,2,4,145,120,108,2,0,0,0
128,1,2,4,133,120,108,2,0,0,0
129,1,2,4,133,120,108,2,0,0,0
130,1,2,4,133,120,108,2,0,0,0
131,1,2,4,133,120,108,2,0,0,0
132,1,2,4,133,120,108,2,0,0,0
133,1,2,4,133,120,108,2,381,0,0
134,1,2,1,133,120,108,2,0,0,0
135,1,2,4,133,120,108,2,0,0,0
136,1,2,4,133,120,108,2,0,0,0
137,1,2,4,133,120,108,2,0,0,0
138,1,2,4,133,120,108,2,0,0,0
139,1,2,4,133,120,108,2,0,0,0
140,1,2,1,133,120,108,2,0,0,0
141,1,2,4,133,120,108,2,0,0,0
142,1,2,4,133,120,108,2,0,0,0
143,1,2,4,158,120,108,2,0,0,0
144,1,2,4,158,120,108,2,0,0,0
145,1,2,4,145,120,108,2,406,0,0
146,1,2,4,145,120,108,2,0,0,0
147,1,2,4,145,120,108,2,0,0,0
148,1,2,4,145,120,108,2,0,0,0
149,1,3,1,158,161,181,2,0,0,0
150,1,2,4,158,161,181,2,0,0,0
151,1,2,1,158,161,181,2,0,0,0
152,1,2,4,145,120,108,2,0,0,0
153,1,2,4,145,120,108,2,0,0,0
154,1,2,4,158,161,181,2,0,0,0
155,1,2,4,158,161,181,2,0,0,0
156,1,2,4,158,161,181,2,0,0,0
157,1,2,4,158,161,181,2,0,0,0
158,1,2,4,158,161,181,2,330,0,0
159,1,2,4,162,161,181,2,0,0,0
160,1,2,4,162,161,181,2,0,0,0
161,1,2,4,162,161,181,2,0,702,0
162,1,2,4,162,161,181,2,369,0,0
165,1,2,4,162,161,181,2,0,0,0
166,1,2,4,162,161,181,2,0,0,0
167,1,2,4,162,161,181,2,0,0,0
168,1,2,4,162,161,181,2,0,0,0
169,1,2,4,162,161,181,2,0,0,0
170,1,2,4,158,161,181,2,0,0,0
173,1,2,4,162,161,181,2,0,0,0
178,1,2,4,162,161,181,2,0,0,0
179,1,2,4,162,161,181,2,0,0,0
180,1,2,4,162,161,181,2,0,0,0
181,1,2,4,162,161,181,2,0,0,1219
182,1,2,4,162,161,181,2,0,0,0
183,1,2,4,162,161,181,2,0,0,0
184,1,2,4,162,161,181,2,0,0,0
185,1,2,4,162,161,181,2,0,0,0
186,1,2,4,162,161,181,2,0,0,0
187,1,2,1,162,161,181,2,0,0,0
188,1,2,4,162,161,181,2,0,0,0
189,1,2,4,162,161,181,2,0,0,0
190,1,2,4,162,161,181,2,0,0,0
191,1,2,1,162,161,181,2,0,0,0
192,1,2,1,162,161,181,2,0,0,0
193,1,2,1,162,161,181,2,0,0,0
194,1,2,4,162,161,181,2,0,0,0
195,1,2,4,162,161,181,2,0,0,0
196,1,2,4,162,161,181,2,0,0,0
197,1,2,4,162,161,181,2,0,0,0
198,1,2,4,162,161,181,2,0,0,0
199,1,2,4,162,161,181,2,0,0,0
200,1,2,4,162,161,181,2,0,0,0
201,1,2,4,162,161,181,2,0,0,0
202,1,2,4,162,161,181,2,0,0,0
203,1,2,4,162,161,181,2,0,0,0
204,1,2,4,158,161,181,2,0,0,0
205,1,2,4,158,161,181,2,0,0,0
206,1,2,4,158,161,181,2,0,0,0
207,1,2,4,158,161,181,2,0,0,0
208,1,2,1,368,161,181,2,0,0,0
209,1,2,1,162,161,181,2,0,0,0
210,1,2,1,162,161,181,2,0,0,0
211,1,2,4,162,161,181,2,0,0,0
212,1,2,4,162,161,181,2,0,0,0
213,1,2,4,162,161,181,2,0,0,0
214,1,2,4,162,161,181,2,0,0,0
215,1,2,4,162,161,181,2,0,0,0
216,1,2,4,162,161,181,2,0,0,0
217,1,2,4,162,161,181,2,0,0,0
218,1,2,4,162,161,181,2,0,0,0
219,1,2,4,162,161,181,2,0,0,0
220,1,2,4,162,161,181,2,0,0,0
221,1,2,4,162,161,181,2,0,0,0
222,1,2,4,162,161,181,2,0,0,0
223,1,2,4,162,161,181,2,0,0,0
224,1,2,4,162,161,181,2,0,0,0
225,1,2,1,162,161,181,2,0,0,0
227,1,2,4,162,161,181,2,0,0,0
228,1,2,4,162,161,181,2,0,0,0
229,1,2,4,162,161,181,2,0,0,0
230,1,2,4,368,161,181,2,0,0,0
231,1,2,4,368,161,181,2,0,0,0
232,1,2,4,368,161,181,2,0,0,0
233,5,3,1,474,346,345,1,0,0,0
234,5,3,8,474,346,345,1,0,0,0
235,5,3,8,474,346,345,1,0,0,0
236,5,3,8,474,346,345,1,0,0,0
237,5,3,8,474,346,345,1,0,0,0
238,5,3,8,474,346,345,1,0,0,0
239,5,3,8,474,346,345,1,0,0,0
240,5,3,8,474,346,345,1,0,0,0
241,5,3,8,474,346,345,1,0,0,0
242,5,3,1,474,346,345,1,0,0,0
243,5,3,1,474,346,345,1,0,0,0
246,5,3,8,474,346,345,1,0,0,0
247,1,3,1,368,161,181,2,0,0,0
248,1,3,1,368,161,181,2,0,0,0
249,1,2,4,368,161,181,2,0,0,0
250,1,2,1,368,161,181,2,0,0,0
251,1,2,4,368,161,181,2,0,0,0
252,1,2,4,368,161,181,2,0,0,0
253,1,2,1,368,161,181,2,0,0,0
254,1,2,4,368,161,181,2,0,0,0
255,1,2,4,368,161,181,2,0,0,0
256,1,2,4,368,161,181,2,0,0,0
257,1,2,4,368,161,181,2,0,0,0
258,1,2,4,368,161,181,2,0,0,0
259,1,3,1,368,161,181,2,0,0,0
260,1,2,4,368,161,181,2,0,0,0
261,1,2,4,368,161,181,2,0,0,0
262,1,2,4,310,161,181,2,0,0,0
263,1,2,4,310,161,181,2,0,0,0
264,1,2,4,310,161,181,2,0,0,0
265,1,3,1,310,161,181,2,0,0,0
266,1,3,1,310,161,181,2,0,0,0
267,1,3,1,368,161,181,2,0,0,0
268,1,3,1,368,161,181,2,0,0,0
269,1,3,1,368,161,181,1,0,0,0
270,5,3,1,368,161,345,1,0,0,0
271,5,3,1,368,161,345,1,0,0,0
272,1,3,1,284,120,108,2,0,0,0
273,1,3,1,284,120,108,2,0,0,0
274,1,3,1,284,120,108,3,0,0,0
275,1,3,1,284,120,108,2,0,0,0
276,2,3,1,531,581,704,3,0,0,0
277,1,3,1,284,120,108,2,0,0,0
278,1,3,1,284,120,108,2,0,0,0
279,1,3,1,284,120,108,2,0,0,0
280,1,3,1,284,120,108,2,0,0,0
281,1,2,4,133,120,108,2,0,0,0
282,1,3,1,284,120,108,2,0,0,0
283,1,3,1,284,120,108,3,0,0,0
284,1,2,1,284,120,108,2,361,0,0
285,1,3,1,284,120,108,3,0,0,0
286,1,3,1,284,120,108,2,0,0,0
287,1,3,1,284,120,108,3,0,0,0
288,1,3,1,284,120,108,3,0,0,0
289,1,3,1,145,120,108,2,0,0,0
290,1,3,1,145,120,108,2,0,0,0
292,1,2,4,158,161,181,2,0,0,0
293,1,2,4,162,161,181,2,0,0,0
294,1,2,4,162,161,181,2,0,0,0
295,1,2,4,162,161,181,2,0,0,0
296,1,2,4,162,161,181,2,0,0,0
297,1,2,1,162,161,181,2,0,0,0
298,1,2,4,162,161,181,2,0,0,0
299,1,2,4,162,161,181,2,0,0,0
300,1,2,4,162,161,181,2,0,0,0
301,1,2,4,162,161,181,2,0,0,0
302,1,2,4,162,161,181,2,0,0,0
303,1,2,4,162,161,181,2,0,0,0
304,1,2,4,310,161,181,2,0,0,0
306,1,2,1,310,161,181,2,0,0,0
307,1,2,4,310,161,181,2,0,0,0
308,1,2,1,310,161,181,2,0,0,0
309,1,2,4,310,161,181,2,0,0,0
310,1,2,4,310,161,181,2,387,0,0
311,1,2,4,310,161,181,2,0,0,0
312,1,2,4,310,161,181,2,0,0,0
313,1,2,4,310,161,181,2,0,0,0
314,1,2,4,310,161,181,2,0,0,0
315,1,2,4,310,161,181,2,0,0,0
316,1,2,4,310,161,181,2,0,0,0
317,1,2,4,310,161,181,2,0,0,0
318,1,2,4,310,161,181,2,0,0,0
319,1,2,4,310,161,181,2,0,0,0
320,1,2,1,310,161,181,2,0,0,0
321,1,2,1,310,161,181,2,0,0,0
322,1,2,4,310,161,181,2,0,0,0
323,5,3,8,474,346,345,1,0,0,0
324,5,3,8,474,346,345,1,0,0,0
325,5,3,8,474,346,345,1,0,0,0
326,5,3,8,474,346,345,1,0,0,0
327,5,3,8,474,346,345,1,0,0,0
328,5,3,8,474,346,345,1,0,0,0
329,5,3,8,474,346,345,1,0,0,0
330,5,3,8,474,346,345,1,0,0,0
331,5,3,8,474,346,345,1,0,0,0
332,5,3,8,474,346,345,1,0,0,0
333,5,3,8,474,346,345,1,0,0,0
334,5,3,8,474,346,345,1,0,0,0
335,5,3,8,474,346,345,1,0,0,0
336,1,3,1,368,161,181,1,0,0,0
337,5,3,1,474,346,345,1,0,0,0
338,5,3,1,474,346,345,1,0,0,0
339,5,3,8,474,346,345,1,0,0,0
340,5,3,8,474,346,345,1,0,0,0
341,5,3,8,474,346,345,1,0,0,0
342,5,3,8,474,346,345,1,0,0,0
343,5,3,8,474,346,345,1,0,0,0
344,5,3,8,474,346,345,1,0,0,0
345,5,3,8,474,346,345,1,0,0,567
346,5,3,8,474,346,345,1,0,358,0
347,5,3,8,474,346,345,1,0,0,0
348,5,3,8,474,346,345,1,0,0,0
349,5,3,8,474,346,345,1,0,0,0
350,5,3,8,474,346,345,1,0,0,0
351,5,3,1,474,346,345,1,0,0,0
352,5,3,1,474,346,345,1,0,0,0
353,1,2,4,368,161,181,2,0,0,0
354,1,2,4,368,161,181,2,0,0,0
355,1,2,4,368,161,181,2,0,0,0
356,1,2,4,368,161,181,2,0,0,0
357,1,2,4,368,161,181,2,0,0,0
358,1,2,4,368,161,181,2,0,0,0
359,1,2,4,368,161,181,2,0,0,0
360,1,2,4,368,161,181,2,0,0,0
361,1,2,4,368,161,181,2,0,0,0
362,1,2,4,368,161,181,2,0,0,0
363,1,2,4,368,161,181,2,0,0,0
364,1,2,4,368,161,181,2,0,0,0
365,1,2,4,368,161,181,2,0,0,0
366,1,2,4,368,161,181,2,0,0,0
367,1,2,4,368,161,181,2,0,0,0
368,1,2,1,368,161,181,2,411,0,0
369,1,2,4,368,161,181,2,0,0,0
370,1,2,1,368,161,181,2,0,0,0
371,1,2,1,368,161,181,2,0,0,0
372,1,2,4,368,161,181,2,0,0,0
373,1,2,1,368,161,181,2,0,0,0
376,1,2,1,368,161,181,2,0,0,0
377,1,2,4,368,161,181,2,0,0,0
378,1,2,4,368,161,181,2,0,0,0
379,1,2,1,368,161,181,2,0,0,0
380,1,2,1,368,161,181,2,0,0,0
381,1,2,4,162,161,181,2,0,0,0
382,1,2,1,162,161,181,2,0,0,0
383,1,2,4,162,161,181,2,0,0,0
384,1,2,1,162,161,181,2,0,0,0
385,1,2,1,162,161,181,2,0,0,0
386,1,2,4,162,161,181,2,0,0,0
387,1,2,4,162,161,181,2,0,0,0
388,1,2,4,162,161,181,2,0,0,0
389,1,2,1,162,161,181,2,0,0,0
390,1,2,1,162,161,181,2,0,0,0
391,1,2,1,162,161,181,2,0,0,0
392,1,2,1,162,161,181,2,0,0,0
393,1,2,1,158,161,181,2,0,0,0
394,1,2,1,368,161,181,2,0,0,0
395,1,2,4,368,161,181,2,0,0,0
396,1,2,4,158,161,181,2,0,0,0
397,1,2,1,368,161,181,2,0,0,0
398,1,2,1,368,161,181,2,0,0,0
399,1,2,4,158,161,181,2,0,0,0
400,1,2,1,158,161,181,2,0,0,0
403,1,2,4,162,161,181,2,0,0,0
406,1,3,1,284,120,108,3,0,0,0
407,1,3,1,284,120,108,2,0,0,0
408,1,2,4,158,161,181,2,0,0,0
409,1,2,4,158,161,181,1,0,0,0
410,5,3,1,474,346,345,1,0,0,0
415,1,2,4,158,161,181,2,0,0,0
416,1,2,4,158,161,181,2,0,0,0
417,1,2,1,158,161,181,2,0,0,0
418,1,2,1,368,161,181,2,0,0,0
419,1,2,4,368,161,181,2,0,0,0
420,1,2,1,368,161,181,2,0,0,0
421,1,2,4,368,161,181,2,0,0,0
422,1,2,1,368,161,181,2,0,0,0
423,1,2,1,158,161,181,2,0,0,0
424,1,2,1,162,161,181,2,0,0,0
425,1,2,1,162,161,181,2,0,0,0
426,1,2,1,162,161,181,2,0,0,0
427,1,2,1,162,161,181,2,0,0,0
428,1,2,1,162,161,181,2,0,0,0
429,1,2,1,162,161,181,2,0,0,0
430,1,2,1,162,161,181,2,0,0,0
431,1,2,4,162,161,181,2,0,0,0
432,1,2,1,162,161,181,2,0,0,0
433,1,2,1,162,161,181,2,0,0,0
434,1,2,4,162,161,181,2,0,0,0
435,1,2,4,162,161,181,2,0,0,0
436,1,2,1,162,161,181,2,0,0,0
437,1,2,1,162,161,181,2,0,0,0
438,1,2,4,368,161,181,2,0,0,0
439,1,2,4,368,161,181,2,0,0,0
440,1,2,1,368,161,181,2,0,0,0
441,1,2,1,368,161,181,2,0,0,0
442,1,2,1,368,161,181,2,0,0,0
443,1,2,1,368,161,181,2,0,0,0
444,1,2,4,368,161,181,2,0,0,0
445,1,2,1,368,161,181,2,0,0,0
446,1,2,1,162,161,181,2,0,0,0
447,1,2,4,162,161,181,2,0,0,0
448,1,2,4,162,161,181,2,0,0,0
449,1,2,1,162,161,181,2,0,0,0
450,1,2,4,284,120,108,2,0,0,0
451,1,2,4,284,120,108,2,0,0,0
452,1,2,4,284,120,108,2,0,0,0
453,1,2,1,162,161,181,2,0,0,0
454,1,3,1,158,161,181,2,0,0,0
455,5,3,1,474,346,345,1,0,0,0
456,1,3,1,474,346,181,1,0,0,0
457,1,2,4,162,161,181,2,0,0,0
458,1,2,4,162,161,181,2,0,0,0
459,1,2,1,162,161,181,2,0,0,0
460,1,2,4,162,161,181,2,0,0,0
461,1,2,4,158,161,181,2,0,0,0
462,1,2,4,158,161,181,2,0,0,0
463,1,2,4,158,161,181,2,0,0,0
464,1,2,4,158,161,181,2,0,0,0
465,1,2,4,162,161,181,2,0,0,0
466,1,2,4,162,161,181,2,0,0,0
467,1,2,4,162,161,181,2,0,0,0
468,1,2,4,162,161,181,2,0,0,0
469,1,2,4,162,161,181,2,0,0,0
470,1,2,4,162,161,181,2,0,0,0
471,5,3,8,474,346,345,1,0,0,0
472,5,3,8,474,346,345,1,0,0,0
473,5,3,8,474,346,345,1,0,0,0
474,5,3,8,474,346,345,1,569,0,0
475,1,2,4,310,161,181,2,0,0,0
476,1,2,4,310,161,181,2,0,0,0
500,2,3,1,560,581,704,3,0,0,0
501,3,3,1,1292,1290,1290,3,0,0,0
502,3,3,1,1292,1290,1290,3,0,0,0
503,3,3,1,1292,1290,1290,3,0,0,0
504,2,3,1,560,581,704,3,0,0,0
505,2,3,1,560,581,704,3,0,0,0
506,2,3,1,531,581,704,3,0,0,0
507,2,3,1,603,581,704,3,0,0,0
508,2,3,1,603,581,704,3,0,0,0
509,2,3,1,531,581,704,3,0,0,0
510,2,3,1,603,581,704,3,0,0,0
511,2,3,1,560,581,704,3,0,0,0
512,2,3,1,560,581,704,3,0,0,0
513,2,3,1,560,581,704,3,0,0,0
514,3,3,7,1292,1290,1290,3,0,0,0
515,3,3,1,1292,1290,1290,3,0,0,0
516,3,3,1,1292,1290,1290,3,0,0,0
517,3,3,1,1292,1290,1290,3,0,0,0
518,2,3,1,560,581,754,3,0,0,0
519,2,3,1,560,581,754,3,0,0,0
520,2,3,1,560,581,754,3,0,0,0
521,2,3,1,560,581,754,3,0,0,0
522,2,3,1,560,581,754,3,0,0,0
523,2,3,1,560,581,754,3,0,0,0
524,2,3,7,560,581,704,3,0,0,0
525,2,3,7,560,581,704,3,0,0,0
526,2,3,1,560,581,704,3,0,0,0
527,2,3,1,560,581,704,3,0,0,0
528,2,3,1,531,581,704,3,0,0,0
529,2,3,1,603,581,704,3,0,0,0
530,2,3,1,531,581,704,3,0,0,0
531,2,3,1,603,581,704,3,140,0,0
532,2,3,1,531,581,704,3,0,0,0
533,2,3,1,603,581,704,3,0,0,0
534,2,3,1,531,581,704,3,0,0,0
535,2,3,1,603,581,704,3,0,0,0
536,2,3,1,531,581,704,3,0,0,0
537,2,3,1,603,581,704,3,0,0,0
538,2,3,1,603,581,704,3,0,0,0
539,2,3,1,531,581,704,3,0,0,0
540,2,1,3,603,581,704,3,0,0,0
541,2,3,1,603,581,704,3,0,0,0
542,2,3,1,531,581,704,3,0,0,0
543,2,3,1,531,581,704,3,0,0,0
544,2,1,3,603,581,704,3,0,0,0
545,2,3,1,574,581,704,3,0,0,0
546,2,3,1,581,581,704,3,0,0,0
547,2,3,1,560,581,704,3,0,0,0
548,2,3,7,560,581,704,3,0,0,0
549,2,3,7,560,581,704,3,0,0,0
550,2,3,1,560,581,754,3,0,0,0
551,2,3,1,560,581,754,3,0,0,0
552,2,3,1,560,581,754,3,0,0,0
553,2,3,1,560,581,754,3,0,0,0
554,2,3,1,560,581,754,3,0,0,0
555,2,3,1,558,581,754,3,0,0,0
556,2,3,1,558,581,754,4,0,0,0
557,2,1,3,558,581,754,3,0,0,0
558,2,1,3,558,581,754,3,430,0,0
559,2,3,1,558,581,754,3,0,0,0
560,2,3,1,560,581,754,3,275,0,0
561,2,3,1,558,581,754,3,0,0,0
562,2,3,1,558,581,754,3,0,0,0
563,2,1,3,841,581,754,3,0,0,0
564,2,1,3,558,581,754,3,0,0,0
565,2,1,3,841,581,754,3,0,0,0
566,2,3,1,834,581,704,3,0,0,0
567,2,3,1,834,581,704,3,0,0,0
568,2,3,1,834,581,704,3,0,0,0
569,2,3,1,560,581,704,3,0,0,0
570,2,3,1,574,581,704,3,0,0,0
571,2,3,1,581,581,704,3,0,0,0
572,2,1,3,581,581,704,3,0,0,0
573,2,1,3,574,581,704,3,0,0,0
574,2,1,3,581,581,704,3,101,0,0
575,2,1,3,581,581,704,3,0,0,0
576,2,1,3,574,581,704,3,0,0,0
577,2,3,3,581,581,704,3,0,0,0
578,2,3,1,581,581,704,3,0,0,0
579,2,1,3,581,581,704,3,0,0,0
580,2,1,3,581,581,704,3,0,0,0
581,2,1,1,581,581,704,3,186,667,0
582,2,1,3,581,581,704,3,0,0,0
583,2,1,3,581,581,704,3,0,0,0
584,2,1,3,531,581,704,3,0,0,0
585,2,1,3,603,581,704,3,0,0,0
586,2,1,3,581,581,704,3,0,0,0
587,2,1,3,581,581,704,3,0,0,0
588,2,1,3,603,581,704,3,0,0,0
589,2,1,3,531,581,704,3,0,0,0
590,2,1,3,603,581,704,3,0,0,0
591,2,1,3,531,581,704,3,0,0,0
592,2,1,3,603,581,704,3,0,0,0
593,2,1,3,531,581,704,3,0,0,0
594,2,1,3,603,581,704,3,0,0,0
595,2,1,3,531,581,704,3,0,0,0
596,2,1,3,603,581,704,3,0,0,0
597,2,1,3,531,581,704,3,0,0,0
598,2,3,3,603,581,704,3,0,0,0
599,2,3,1,531,581,704,3,0,0,0
600,2,3,1,603,581,704,3,0,0,0
601,2,3,1,531,581,704,3,0,0,0
602,1,3,1,284,120,108,3,0,0,0
603,2,3,1,531,581,704,3,183,0,0
604,2,3,1,603,581,704,3,0,0,0
605,2,3,1,603,581,704,3,0,0,0
606,2,3,1,581,581,704,3,0,0,0
607,2,3,1,581,581,704,3,0,0,0
608,2,1,3,574,581,704,3,0,0,0
609,2,1,3,581,581,704,3,0,0,0
610,2,1,3,574,581,704,3,0,0,0
611,2,1,3,581,581,704,3,0,0,0
612,2,3,1,581,581,704,3,0,0,0
613,2,1,1,581,704,704,3,0,0,0
614,2,1,3,662,704,704,3,0,0,0
615,2,1,3,695,704,704,3,0,0,0
616,2,3,1,695,704,704,3,0,0,0
617,2,3,1,695,704,704,3,0,0,0
618,2,3,1,695,704,704,3,0,0,0
619,2,3,1,695,704,704,3,0,0,0
620,2,3,1,695,704,704,3,0,0,0
621,2,1,3,695,704,704,3,0,0,0
622,2,1,3,695,704,704,3,0,0,0
623,2,1,3,662,704,704,3,0,0,0
624,2,1,3,662,704,704,3,0,0,0
625,2,1,3,662,704,704,3,0,0,0
626,2,1,3,662,704,704,3,0,0,0
627,2,1,3,662,704,704,3,0,0,0
628,2,1,1,662,581,704,3,0,0,0
629,2,1,1,662,581,704,3,0,0,0
630,2,1,3,662,581,704,3,0,0,0
631,2,1,1,662,581,704,3,0,0,0
632,2,1,3,662,581,704,3,0,0,0
633,2,1,3,662,581,704,3,0,0,0
634,2,1,3,662,581,704,3,0,0,0
635,2,1,1,662,581,704,3,0,0,0
636,2,1,1,834,581,704,3,0,0,0
637,2,1,3,834,581,704,3,0,0,0
638,2,1,3,834,581,704,3,0,0,0
639,2,1,3,834,581,704,3,0,0,0
640,2,1,3,834,581,704,3,0,0,0
641,2,1,3,834,581,704,3,0,0,0
643,2,1,3,834,581,704,3,0,0,0
644,2,1,3,834,581,704,3,0,0,0
645,2,1,3,834,581,704,3,0,0,0
646,2,1,3,834,581,704,3,0,0,0
647,2,1,3,834,581,704,3,0,0,0
648,2,1,3,834,581,704,3,0,0,0
649,2,1,3,834,581,704,3,0,0,0
650,2,1,3,834,581,704,3,0,0,0
651,2,1,3,834,581,704,3,0,0,0
652,2,1,3,834,581,704,3,0,0,0
653,2,1,3,662,581,704,3,0,0,0
654,2,1,3,662,581,704,3,0,0,0
655,2,1,3,662,581,704,3,0,0,0
656,2,1,1,793,704,754,3,0,0,0
657,2,1,3,662,581,704,3,0,0,0
658,2,1,3,662,581,704,3,0,0,0
659,2,1,1,662,581,704,3,0,0,0
660,2,1,3,662,581,704,3,0,0,0
661,2,1,1,662,581,704,3,0,0,0
662,2,1,1,662,704,704,3,194,0,0
663,2,1,3,662,704,704,3,0,0,0
664,2,1,3,662,704,704,3,0,0,0
665,2,1,3,662,704,704,3,0,0,0
666,2,1,3,662,704,704,3,0,0,0
667,2,1,3,662,704,704,3,0,0,0
668,2,1,3,662,704,704,3,0,0,0
669,2,1,3,662,704,704,3,0,0,0
670,2,1,3,662,704,704,3,0,0,0
671,2,1,1,793,704,754,3,0,0,0
672,2,1,3,662,704,704,3,0,0,0
673,2,1,3,662,704,704,3,0,0,0
674,2,1,3,662,704,704,3,0,0,0
675,2,1,3,662,704,704,3,0,0,0
676,2,1,3,662,704,704,3,0,0,0
677,2,1,3,662,704,704,3,0,0,0
678,2,1,3,662,704,704,3,0,0,0
679,2,1,3,662,704,704,3,0,0,0
680,2,1,3,662,704,704,3,0,0,0
681,2,1,3,662,704,704,3,0,0,0
682,2,1,3,662,704,704,3,0,0,0
683,2,1,3,662,704,704,3,0,0,0
684,2,1,3,662,704,704,3,0,0,0
685,2,1,3,695,704,704,3,0,0,0
686,2,1,3,695,704,704,3,0,0,0
687,2,1,3,695,704,704,3,0,0,0
688,2,1,3,695,704,704,3,0,0,0
689,2,1,3,695,704,704,3,0,0,0
690,2,1,3,695,704,704,3,0,0,0
691,2,1,3,695,704,704,3,0,0,0
692,2,1,3,695,704,704,3,0,0,0
693,2,1,3,695,704,704,3,0,0,0
694,2,1,3,695,704,704,3,0,0,0
695,2,1,3,695,704,704,3,175,0,0
696,2,1,3,695,704,704,3,0,0,0
697,2,1,3,695,704,704,3,0,0,0
698,2,1,3,695,704,704,3,0,0,0
699,2,1,3,695,704,704,3,0,0,0
700,2,1,3,695,704,704,3,0,0,0
701,2,1,3,695,704,704,3,0,0,0
702,2,1,3,704,704,704,3,0,0,0
703,2,1,3,704,704,704,3,0,0,0
704,2,1,1,704,704,704,3,358,691,1443
705,2,1,3,704,704,704,3,0,0,0
706,2,1,1,704,704,704,3,0,0,0
707,2,1,1,704,704,704,3,0,0,0
708,2,1,3,704,704,704,3,0,0,0
709,2,1,3,704,704,704,3,0,0,0
710,2,3,1,695,704,704,3,0,0,0
711,2,3,1,695,704,704,3,0,0,0
712,2,3,1,695,704,704,3,0,0,0
713,2,3,1,695,704,704,3,0,0,0
714,2,3,1,695,704,704,3,0,0,0
715,2,3,1,695,704,704,3,0,0,0
716,2,3,1,695,704,704,3,0,0,0
717,2,3,1,695,704,704,3,0,0,0
718,2,3,1,695,704,704,3,0,0,0
719,2,3,1,695,704,704,3,0,0,0
720,2,3,1,695,704,704,3,0,0,0
721,2,3,1,1211,704,704,3,0,0,0
722,2,1,3,704,704,704,3,0,0,0
723,2,1,3,1211,704,704,3,0,0,0
724,2,1,1,1211,704,704,3,0,0,0
725,2,1,3,1211,704,704,3,0,0,0
726,2,1,3,1211,704,704,3,0,0,0
727,2,1,3,1211,704,704,3,0,0,0
728,2,1,3,704,704,704,3,0,0,0
729,2,1,3,704,704,704,3,0,0,0
730,2,1,3,704,704,704,3,0,0,0
731,2,1,1,704,704,704,3,0,0,0
732,2,1,3,1211,704,704,3,0,0,0
733,2,1,3,1211,704,704,3,0,0,0
734,2,1,1,1211,704,704,3,0,0,0
735,2,1,3,751,774,754,3,0,0,0
736,2,1,3,751,774,754,3,0,0,0
737,2,1,1,751,774,754,3,0,0,0
738,2,1,1,751,774,754,3,0,0,0
739,2,1,1,751,774,754,3,0,0,0
740,2,1,3,751,774,754,3,0,0,0
741,2,1,3,751,774,754,3,0,0,0
742,2,1,3,751,774,754,3,0,0,0
743,2,1,3,751,774,754,3,0,0,0
744,2,1,3,751,774,754,3,0,0,0
745,2,1,3,751,774,754,3,0,0,0
746,2,1,3,751,774,754,3,0,0,0
747,2,1,3,751,774,754,3,0,0,0
748,2,1,3,773,774,754,3,0,0,0
749,2,1,3,704,774,754,3,0,0,0
750,2,1,3,773,774,754,3,0,0,0
751,2,1,3,751,774,754,3,314,0,0
752,2,1,3,751,774,754,3,0,0,0
753,2,1,3,751,774,754,3,0,0,0
754,2,1,1,751,774,754,3,0,0,1273
755,2,1,3,751,774,754,3,0,0,0
756,2,1,3,751,774,754,3,0,0,0
757,2,1,3,751,774,754,3,0,0,0
758,2,1,3,751,774,754,3,0,0,0
759,2,1,3,751,774,754,3,0,0,0
760,2,1,3,773,774,754,3,0,0,0
761,2,1,3,773,774,754,3,0,0,0
762,2,1,3,773,774,754,3,0,0,0
763,2,1,3,773,774,754,3,0,0,0
764,2,1,3,773,774,754,3,0,0,0
765,2,1,1,793,774,754,3,0,0,0
766,2,1,3,793,774,754,3,0,0,0
767,2,1,1,793,774,754,3,0,0,0
768,2,1,3,793,774,754,3,0,0,0
769,2,1,1,793,774,754,3,0,0,0
770,2,1,3,793,774,754,3,0,0,0
771,2,1,3,773,774,754,3,0,0,0
772,2,1,3,773,774,754,3,0,0,0
773,2,1,3,773,774,754,3,373,0,0
774,2,1,3,773,774,754,3,0,724,0
775,2,1,3,773,774,754,3,0,0,0
776,2,1,3,773,774,754,3,0,0,0
777,2,1,3,773,774,754,3,0,0,0
778,2,1,3,785,774,754,3,0,0,0
779,2,1,3,785,774,754,3,0,0,0
780,2,1,3,785,774,754,3,0,0,0
781,2,1,3,785,774,754,3,0,0,0
782,2,1,3,841,581,754,3,0,0,0
783,2,1,3,841,581,754,3,0,0,0
784,2,1,3,785,774,754,3,0,0,0
785,2,1,3,785,774,754,3,410,0,0
786,2,1,3,785,774,754,3,0,0,0
787,2,1,3,793,774,754,3,0,0,0
788,2,1,3,793,774,754,3,0,0,0
789,2,1,3,793,774,754,3,0,0,0
790,2,1,3,793,774,754,3,0,0,0
791,2,1,3,793,774,754,3,0,0,0
792,2,1,3,793,774,754,3,0,0,0
793,2,1,3,793,774,754,3,395,0,0
794,2,1,3,793,774,754,3,0,0,0
795,2,1,3,793,774,754,3,0,0,0
796,2,1,3,793,774,754,3,0,0,0
797,2,1,3,793,774,754,3,0,0,0
798,2,1,3,793,774,754,3,0,0,0
799,2,1,3,793,704,754,3,0,0,0
800,2,1,3,793,704,754,3,0,0,0
801,2,1,3,793,704,754,3,0,0,0
802,2,1,1,793,704,754,3,0,0,0
803,2,1,1,793,704,754,3,0,0,0
804,2,1,3,793,704,754,3,0,0,0
805,2,1,1,793,704,754,3,0,0,0
806,2,1,3,793,704,754,3,0,0,0
807,2,1,3,793,704,754,3,0,0,0
808,2,1,3,793,704,754,3,0,0,0
809,2,1,3,793,704,754,3,0,0,0
810,2,1,3,793,704,754,3,0,0,0
811,2,1,1,793,704,754,3,0,0,0
812,2,1,3,793,704,754,3,0,0,0
813,2,1,3,834,581,704,3,0,0,0
814,2,1,3,834,581,704,3,0,0,0
815,2,1,3,834,581,704,3,0,0,0
816,2,1,1,793,704,754,3,0,0,0
817,2,1,3,793,704,754,3,0,0,0
818,2,1,3,793,704,754,3,0,0,0
819,2,1,3,793,704,754,3,0,0,0
820,2,1,3,793,704,754,3,0,0,0
821,2,1,1,793,704,754,3,0,0,0
822,2,1,3,793,704,754,3,0,0,0
823,2,1,3,841,581,754,3,0,0,0
824,2,1,3,841,581,754,3,0,0,0
825,2,1,3,841,581,754,3,0,0,0
826,2,1,1,841,581,754,3,0,0,0
827,2,1,3,841,581,754,3,0,0,0
828,2,1,3,834,581,704,3,0,0,0
829,2,1,3,834,581,704,3,0,0,0
830,2,1,3,834,581,704,3,0,0,0
831,2,1,3,834,581,704,3,0,0,0
832,2,1,3,834,581,704,3,0,0,0
833,2,1,3,834,581,704,3,0,0,0
834,2,1,3,834,581,704,3,256,0,0
835,2,1,3,841,581,754,3,0,0,0
836,2,1,3,841,581,754,3,0,0,0
837,2,1,3,841,581,754,3,0,0,0
838,2,1,1,841,581,754,3,0,0,0
839,2,1,3,841,581,754,3,0,0,0
840,2,1,3,841,581,754,3,0,0,0
841,2,1,3,841,581,754,3,372,0,0
842,2,1,3,841,581,754,3,0,0,0
843,2,1,1,841,581,754,3,0,0,0
844,2,1,3,834,581,704,3,0,0,0
845,2,3,7,834,581,704,3,0,0,0
846,2,1,1,841,581,754,3,0,0,0
847,2,1,1,841,581,754,3,0,0,0
848,2,1,3,841,581,754,3,0,0,0
849,2,1,3,841,581,754,3,0,0,0
850,2,1,3,841,581,754,3,0,0,0
851,2,1,3,841,581,754,3,0,0,0
852,2,1,3,841,581,754,3,0,0,0
853,2,1,3,841,581,754,3,0,0,0
854,2,1,1,841,581,754,3,0,0,0
855,2,1,3,841,581,754,3,0,0,0
856,2,1,3,841,581,754,3,0,0,0
857,2,1,3,558,581,754,3,0,0,0
858,2,1,3,558,581,754,3,0,0,0
859,2,1,1,558,581,754,3,0,0,0
860,2,1,3,558,581,754,3,0,0,0
861,2,3,1,558,581,754,4,0,0,0
862,2,3,1,558,581,754,4,0,0,0
863,2,3,1,558,581,754,4,0,0,0
864,2,3,1,841,581,754,4,0,0,0
865,2,3,1,841,581,754,4,0,0,0
866,2,3,1,841,581,754,3,0,0,0
867,2,1,3,841,581,754,3,0,0,0
868,2,1,1,841,581,754,3,0,0,0
869,2,1,3,841,581,754,3,0,0,0
870,2,1,3,841,581,754,3,0,0,0
871,2,1,3,841,581,754,3,0,0,0
872,2,1,1,841,581,754,3,0,0,0
873,2,1,3,841,581,754,3,0,0,0
874,2,3,1,841,581,754,3,0,0,0
875,2,3,1,841,581,754,3,0,0,0
876,2,3,1,841,581,754,3,0,0,0
877,2,3,1,841,581,754,4,0,0,0
878,2,3,1,841,581,754,4,0,0,0
879,2,3,1,841,581,754,4,0,0,0
880,2,3,1,841,581,754,4,0,0,0
881,2,3,1,841,581,754,4,0,0,0
882,2,3,1,841,581,754,4,0,0,0
883,2,3,1,841,581,754,3,0,0,0
884,2,3,1,841,581,754,3,0,0,0
885,2,1,3,841,581,754,3,0,0,0
886,2,1,1,841,581,754,3,0,0,0
887,2,1,3,841,581,754,3,0,0,0
888,2,1,3,841,581,754,3,0,0,0
889,2,1,3,841,581,754,3,0,0,0
890,2,3,1,841,581,754,3,0,0,0
891,2,3,1,841,581,754,4,0,0,0
892,2,3,1,841,581,754,4,0,0,0
893,2,3,1,841,581,754,4,0,0,0
894,2,3,1,841,581,754,4,0,0,0
895,2,3,1,841,581,754,4,0,0,0
896,2,3,1,841,581,754,3,0,0,0
897,2,3,1,751,774,754,3,0,0,0
898,2,3,1,751,774,754,4,0,0,0
899,2,3,1,751,774,754,4,0,0,0
900,2,3,1,751,774,754,4,0,0,0
901,2,3,1,751,774,754,4,0,0,0
902,2,3,1,751,774,754,3,0,0,0
903,2,3,10,1211,704,704,3,0,0,0
904,2,3,1,1211,704,704,3,0,0,0
905,2,3,1,1211,704,704,3,0,0,0
906,2,3,10,1211,704,704,3,0,0,0
907,2,3,10,1211,704,704,3,0,0,0
908,2,3,1,1211,704,704,3,0,0,0
909,2,3,10,1211,704,704,3,0,0,0
910,2,3,1,1211,704,704,3,0,0,0
911,2,1,1,1211,704,704,3,0,0,0
912,2,1,3,1211,704,704,3,0,0,0
913,2,1,1,704,704,704,3,0,0,0
914,2,1,3,1211,704,704,3,0,0,0
915,2,1,3,1211,704,704,3,0,0,0
916,2,1,3,751,774,754,3,0,0,0
917,2,1,3,751,774,754,3,0,0,0
918,2,1,3,841,581,754,3,0,0,0
919,2,1,3,581,581,704,3,0,0,0
920,2,3,1,1211,704,704,3,0,0,0
921,2,3,10,1211,704,704,3,0,0,0
922,2,3,10,1211,704,704,3,0,0,0
923,2,3,10,1211,704,704,3,0,0,0
924,2,3,1,1211,704,704,3,0,0,0
1100,4,3,1,1106,1106,1148,4,0,0,0
1101,4,3,6,1106,1106,1148,4,0,0,0
1103,4,3,6,1106,1106,1148,4,0,0,0
1104,4,3,6,1106,1106,1148,4,0,0,0
1105,4,3,1,1106,1106,1148,4,0,0,0
1106,4,3,6,1106,1106,1148,4,323,174,0
1107,4,3,6,1106,1106,1148,4,0,0,0
1108,4,3,6,1106,1106,1148,4,0,0,0
1109,4,3,6,1106,1106,1148,4,0,0,0
1110,4,3,6,1106,1106,1148,4,0,0,0
1111,4,3,6,1106,1106,1148,4,0,0,0
1112,4,3,1,1118,1184,1148,4,0,0,0
1113,4,3,6,1118,1184,1148,4,0,0,0
1114,4,3,6,1118,1184,1148,4,0,0,0
1115,4,3,6,1118,1184,1148,4,0,0,0
1116,4,3,6,1118,1184,1148,4,0,0,0
1117,4,3,6,1118,1184,1148,4,0,0,0
1118,4,3,6,1118,1184,1148,4,313,0,0
1119,4,3,6,1118,1184,1148,4,0,0,0
1120,4,3,6,1118,1184,1148,4,0,0,0
1121,4,3,6,1118,1184,1148,4,0,0,0
1122,4,3,6,1118,1184,1148,4,0,0,0
1123,4,3,6,1118,1184,1148,4,0,0,0
1124,4,3,6,1118,1184,1148,4,0,0,0
1125,4,3,6,1118,1184,1148,4,0,0,0
1126,4,3,6,1118,1184,1148,4,0,0,0
1127,4,3,6,1118,1184,1148,4,0,0,0
1128,4,3,6,1118,1184,1148,4,0,0,0
1129,4,3,6,1118,1184,1148,4,0,0,0
1130,4,3,6,1118,1184,1148,4,0,0,0
1131,4,3,6,1106,1106,1148,4,0,0,0
1132,4,3,6,1106,1106,1148,4,0,0,0
1133,4,3,6,1106,1106,1148,4,0,0,0
1134,4,3,6,1106,1106,1148,4,0,0,0
1135,4,3,6,1158,1184,1148,4,0,0,0
1136,4,3,6,1158,1184,1148,4,0,0,0
1137,4,3,6,1106,1106,1148,4,0,0,0
1138,4,3,6,1106,1106,1148,4,0,0,0
1139,4,3,6,1158,1184,1148,4,0,0,0
1140,4,3,1,1118,1184,1148,4,0,0,0
1141,4,3,1,1118,1184,1148,4,0,0,0
1142,4,3,6,1118,1184,1148,4,0,0,0
1143,4,3,6,1118,1184,1148,4,0,0,0
1144,4,3,6,1118,1184,1148,4,0,0,0
1145,4,3,6,1118,1184,1148,4,0,0,0
1146,4,3,6,1118,1184,1148,4,0,0,0
1147,4,3,6,1163,1184,1148,4,0,0,0
1148,4,3,6,1163,1184,1148,4,0,0,1162
1149,4,3,6,1118,1184,1148,4,0,0,0
1150,4,3,6,1163,1184,1148,4,0,0,0
1151,4,3,6,1118,1184,1148,4,0,0,0
1152,4,3,6,1163,1184,1148,4,0,0,0
1153,4,3,6,1158,1184,1148,4,0,0,0
1154,4,3,6,1158,1184,1148,4,0,0,0
1155,4,3,6,1158,1184,1148,4,0,0,0
1156,4,3,6,1158,1184,1148,4,0,0,0
1157,4,3,6,1158,1184,1148,4,0,0,0
1158,4,3,6,1158,1184,1148,4,442,0,0
1159,4,3,1,1158,1184,1148,4,0,0,0
1160,4,3,6,1260,1260,1148,4,0,0,0
1161,4,3,6,1163,1184,1148,4,0,0,0
1162,4,3,6,1163,1184,1148,4,0,0,0
1163,4,3,6,1163,1184,1148,4,344,0,0
1164,4,3,6,1163,1184,1148,4,0,0,0
1165,4,3,6,1163,1184,1148,4,0,0,0
1166,4,3,6,1158,1184,1148,4,0,0,0
1167,4,3,6,1158,1184,1148,4,0,0,0
1168,4,3,6,1158,1184,1148,4,0,0,0
1169,4,3,6,1158,1184,1148,4,0,0,0
1170,4,3,6,1163,1184,1148,4,0,0,0
1171,4,3,6,1163,1184,1148,4,0,0,0
1172,4,3,6,1163,1184,1148,4,0,0,0
1173,4,3,6,1158,1184,1148,4,0,0,0
1174,4,3,6,1163,1184,1148,4,0,0,0
1175,4,3,6,1163,1184,1148,4,0,0,0
1176,4,3,1,1158,1184,1148,4,0,0,0
1177,4,3,6,1158,1184,1148,4,0,0,0
1178,4,3,1,1158,1184,1148,4,0,0,0
1179,4,3,1,1158,1184,1148,4,0,0,0
1180,4,3,6,1163,1184,1148,4,0,0,0
1181,4,3,6,1163,1184,1148,4,0,0,0
1182,4,3,6,1163,1184,1148,4,0,0,0
1183,4,3,6,1158,1184,1148,4,0,0,0
1184,4,3,6,1158,1184,1148,4,0,592,0
1185,4,3,6,1158,1184,1148,4,0,0,0
1186,4,3,1,1163,1184,1148,4,0,0,0
1187,4,3,1,1163,1184,1148,4,0,0,0
1188,4,3,6,1158,1184,1148,4,0,0,0
1189,4,3,6,1158,1184,1148,4,0,0,0
1190,4,3,6,1158,1184,1148,4,0,0,0
1191,4,3,6,1158,1184,1148,4,0,0,0
1192,4,3,6,1158,1184,1148,4,0,0,0
1193,4,3,6,1118,1184,1148,4,0,0,0
1194,4,3,6,1158,1184,1148,4,0,0,0
1195,4,3,6,1158,1184,1148,4,0,0,0
1200,2,3,1,1211,704,704,3,0,0,0
1201,2,3,1,1211,704,704,3,0,0,0
1202,2,3,1,1211,704,704,3,0,0,0
1203,2,3,1,1211,704,704,3,0,0,0
1204,2,3,1,1211,704,704,3,0,0,0
1205,2,3,1,1211,704,704,3,0,0,0
1206,2,3,10,1211,704,704,3,0,0,0
1207,2,3,10,1211,704,704,3,0,0,0
1208,2,3,10,1211,704,704,3,0,0,0
1209,2,3,1,1211,704,704,3,0,0,0
1210,2,3,10,1211,704,704,3,0,0,0
1211,2,3,10,1211,704,704,3,184,0,0
1220,1,3,1,162,161,181,3,0,0,0
1221,1,3,1,162,704,181,3,0,0,0
1222,1,3,1,162,161,181,3,0,0,0
1223,2,3,1,1211,704,704,3,0,0,0
1224,2,3,1,695,704,704,3,0,0,0
1225,2,3,1,1211,704,704,3,0,0,0
1226,2,3,1,1211,704,704,3,0,0,0
1227,2,3,1,1211,704,704,3,0,0,0
1228,2,3,1,1211,704,704,3,0,0,0
1229,2,3,1,1211,704,704,3,0,0,0
1230,2,3,1,1211,774,704,3,0,0,0
1231,2,3,1,1211,1184,704,4,0,0,0
1232,2,3,1,1211,704,704,4,0,0,0
1233,2,3,1,1211,774,704,4,0,0,0
1234,4,3,1,1118,1184,1148,4,0,0,0
1235,4,3,1,1118,1184,1148,4,0,0,0
1236,4,3,1,1118,1184,1148,4,0,0,0
1237,4,3,1,1118,1184,1148,4,0,0,0
1238,4,3,1,1106,1106,1148,4,0,0,0
1239,4,3,1,1106,1106,1148,4,0,0,0
1240,4,3,1,1106,1106,1148,4,0,0,0
1241,2,3,1,841,581,754,4,0,0,0
1242,4,3,1,1106,1106,1148,4,0,0,0
1243,4,3,1,1106,1106,1148,4,0,0,0
1244,4,3,1,1106,1106,1148,4,0,0,0
1245,2,3,1,558,581,754,4,0,0,0
1246,2,3,1,1106,581,754,4,0,0,0
1247,4,3,1,1106,1106,1148,4,0,0,0
1248,4,3,1,1106,1106,1148,4,0,0,0
1249,4,3,1,1106,1106,1148,4,0,0,0
1250,4,3,1,1106,1106,1148,4,0,0,0
1251,4,3,1,1118,1184,1148,4,0,0,0
1252,4,3,1,1118,1184,1148,4,0,0,0
1253,4,3,1,1118,1184,1148,4,0,0,0
1254,4,3,9,1158,1184,1148,4,0,0,0
1255,4,3,1,1158,1184,1148,4,0,0,0
1256,4,3,1,1158,1184,1148,4,0,0,0
1257,4,3,1,1158,1184,1148,4,0,0,0
1258,4,3,1,1158,1184,1148,4,0,0,0
1259,4,3,11,1158,1184,1148,4,0,0,0
1260,4,3,1,1260,1260,1148,4,240,104,0
1290,3,3,5,1292,1290,1290,3,0,211,312
1291,3,3,5,1292,1290,1290,3,0,0,0
1292,3,3,5,1292,1290,1290,3,392,0,0
1293,3,3,5,1292,1290,1290,3,0,0,0
