Purpose,EntryPeriod,ReturnPeriod,Percent
1,1,1,0
1,1,2,0
1,1,3,0
1,1,4,0
1,1,5,0
1,1,6,0
1,1,7,0
1,1,8,0
1,1,9,0
1,1,10,0
1,1,11,0
1,1,12,0
1,1,13,0
1,1,14,0
1,1,15,0
1,1,16,0
1,1,17,0
1,1,18,0
1,1,19,0
1,1,20,0
1,1,21,0
1,1,22,0
1,1,23,0
1,1,24,0
1,1,25,0
1,1,26,0
1,1,27,0
1,1,28,0
1,1,29,0
1,1,30,0
1,1,31,0
1,1,32,0
1,1,33,0
1,1,34,0
1,1,35,0
1,1,36,0
1,1,37,0
1,1,38,0
1,1,39,0
1,1,40,0
1,1,41,0
1,1,42,0
1,1,43,0
1,1,44,0
1,1,45,0
1,1,46,0
1,1,47,0
1,1,48,0
1,2,2,0
1,2,3,0
1,2,4,0
1,2,5,0
1,2,6,0
1,2,7,0
1,2,8,0
1,2,9,0
1,2,10,0
1,2,11,0
1,2,12,0
1,2,13,0
1,2,14,0
1,2,15,0
1,2,16,0
1,2,17,0
1,2,18,0
1,2,19,0
1,2,20,0
1,2,21,0
1,2,22,0
1,2,23,0
1,2,24,0
1,2,25,0
1,2,26,0
1,2,27,0
1,2,28,0
1,2,29,0
1,2,30,0
1,2,31,0
1,2,32,0
1,2,33,0
1,2,34,0
1,2,35,0
1,2,36,0
1,2,37,0
1,2,38,0
1,2,39,0
1,2,40,0
1,2,41,0
1,2,42,0
1,2,43,0
1,2,44,0
1,2,45,0
1,2,46,0
1,2,47,0
1,2,48,0
1,3,3,0
1,3,4,0
1,3,5,0
1,3,6,0
1,3,7,0
1,3,8,0
1,3,9,0
1,3,10,0
1,3,11,0
1,3,12,0
1,3,13,0
1,3,14,0
1,3,15,0
1,3,16,0
1,3,17,0
1,3,18,0
1,3,19,0
1,3,20,0
1,3,21,0
1,3,22,0
1,3,23,0
1,3,24,0
1,3,25,0
1,3,26,0
1,3,27,0
1,3,28,0
1,3,29,0
1,3,30,0
1,3,31,0
1,3,32,0
1,3,33,0
1,3,34,0
1,3,35,0
1,3,36,0
1,3,37,0
1,3,38,0
1,3,39,0
1,3,40,0
1,3,41,0
1,3,42,0
1,3,43,0
1,3,44,0
1,3,45,0
1,3,46,0
1,3,47,0
1,3,48,0
1,4,4,0
1,4,5,0
1,4,6,0
1,4,7,0
1,4,8,0
1,4,9,0
1,4,10,0
1,4,11,0
1,4,12,0
1,4,13,0
1,4,14,0
1,4,15,0
1,4,16,0
1,4,17,0
1,4,18,0
1,4,19,0
1,4,20,0
1,4,21,0
1,4,22,0
1,4,23,0
1,4,24,0
1,4,25,0
1,4,26,0
1,4,27,0
1,4,28,0
1,4,29,0
1,4,30,0
1,4,31,0
1,4,32,0
1,4,33,0
1,4,34,0
1,4,35,0
1,4,36,0
1,4,37,0
1,4,38,0
1,4,39,0
1,4,40,0
1,4,41,0
1,4,42,0
1,4,43,0
1,4,44,0
1,4,45,0
1,4,46,0
1,4,47,0
1,4,48,0
1,5,5,0
1,5,6,0
1,5,7,0
1,5,8,0
1,5,9,0
1,5,10,0
1,5,11,0
1,5,12,0
1,5,13,0
1,5,14,0
1,5,15,0
1,5,16,0
1,5,17,0
1,5,18,0
1,5,19,0
1,5,20,0
1,5,21,0
1,5,22,0
1,5,23,0
1,5,24,0
1,5,25,0
1,5,26,0
1,5,27,0
1,5,28,0
1,5,29,0
1,5,30,0
1,5,31,0
1,5,32,0
1,5,33,0
1,5,34,0
1,5,35,0
1,5,36,0
1,5,37,0
1,5,38,0
1,5,39,0
1,5,40,0
1,5,41,0
1,5,42,0
1,5,43,0
1,5,44,0
1,5,45,0
1,5,46,0
1,5,47,0
1,5,48,0
1,6,6,0
1,6,7,0
1,6,8,0
1,6,9,0
1,6,10,0.010363368
1,6,11,0
1,6,12,0
1,6,13,0
1,6,14,0
1,6,15,0
1,6,16,0
1,6,17,0
1,6,18,0
1,6,19,0
1,6,20,0
1,6,21,0
1,6,22,0
1,6,23,0
1,6,24,0
1,6,25,0
1,6,26,0
1,6,27,0
1,6,28,0
1,6,29,0
1,6,30,0
1,6,31,0
1,6,32,0.010363368
1,6,33,0
1,6,34,0
1,6,35,0
1,6,36,0.010363368
1,6,37,0
1,6,38,0
1,6,39,0
1,6,40,0
1,6,41,0
1,6,42,0
1,6,43,0
1,6,44,0
1,6,45,0
1,6,46,0
1,6,47,0
1,6,48,0
1,7,7,0
1,7,8,0
1,7,9,0
1,7,10,0
1,7,11,0
1,7,12,0
1,7,13,0
1,7,14,0
1,7,15,0
1,7,16,0
1,7,17,0
1,7,18,0
1,7,19,0
1,7,20,0
1,7,21,0
1,7,22,0
1,7,23,0
1,7,24,0
1,7,25,0
1,7,26,0
1,7,27,0
1,7,28,0
1,7,29,0
1,7,30,0
1,7,31,0
1,7,32,0
1,7,33,0
1,7,34,0
1,7,35,0
1,7,36,0
1,7,37,0
1,7,38,0
1,7,39,0
1,7,40,0
1,7,41,0
1,7,42,0
1,7,43,0
1,7,44,0
1,7,45,0
1,7,46,0
1,7,47,0
1,7,48,0
1,8,8,0
1,8,9,0
1,8,10,0
1,8,11,0
1,8,12,0
1,8,13,0
1,8,14,0
1,8,15,0
1,8,16,0
1,8,17,0
1,8,18,0
1,8,19,0
1,8,20,0.010363368
1,8,21,0
1,8,22,0
1,8,23,0
1,8,24,0.006027908
1,8,25,0
1,8,26,0
1,8,27,0
1,8,28,0
1,8,29,0.010363368
1,8,30,0
1,8,31,0
1,8,32,0
1,8,33,0
1,8,34,0
1,8,35,0
1,8,36,0
1,8,37,0.011714425
1,8,38,0
1,8,39,0
1,8,40,0
1,8,41,0
1,8,42,0
1,8,43,0
1,8,44,0
1,8,45,0
1,8,46,0
1,8,47,0
1,8,48,0
1,9,9,0
1,9,10,0
1,9,11,0
1,9,12,0
1,9,13,0
1,9,14,0
1,9,15,0
1,9,16,0
1,9,17,0
1,9,18,0
1,9,19,0
1,9,20,0.002671823
1,9,21,0
1,9,22,0
1,9,23,0
1,9,24,0
1,9,25,0
1,9,26,0
1,9,27,0
1,9,28,0.016449464
1,9,29,0
1,9,30,0
1,9,31,0
1,9,32,0
1,9,33,0
1,9,34,0.002468031
1,9,35,0
1,9,36,0
1,9,37,0
1,9,38,0
1,9,39,0
1,9,40,0
1,9,41,0.006027908
1,9,42,0
1,9,43,0
1,9,44,0
1,9,45,0
1,9,46,0
1,9,47,0
1,9,48,0
1,10,10,0
1,10,11,0
1,10,12,0
1,10,13,0
1,10,14,0
1,10,15,0.007559123
1,10,16,0
1,10,17,0
1,10,18,0
1,10,19,0
1,10,20,0
1,10,21,0
1,10,22,0.010363368
1,10,23,0.010363368
1,10,24,0.010363368
1,10,25,0.017561487
1,10,26,0
1,10,27,0
1,10,28,0.011533579
1,10,29,0.006027908
1,10,30,0
1,10,31,0.002671823
1,10,32,0
1,10,33,0
1,10,34,0
1,10,35,0.023770242
1,10,36,0.015382091
1,10,37,0
1,10,38,0
1,10,39,0
1,10,40,0
1,10,41,0
1,10,42,0
1,10,43,0
1,10,44,0
1,10,45,0
1,10,46,0
1,10,47,0
1,10,48,0
1,11,11,0
1,11,12,0
1,11,13,0.006027908
1,11,14,0
1,11,15,0
1,11,16,0
1,11,17,0
1,11,18,0
1,11,19,0
1,11,20,0
1,11,21,0
1,11,22,0.006027908
1,11,23,0
1,11,24,0
1,11,25,0
1,11,26,0
1,11,27,0.019225124
1,11,28,0
1,11,29,0.002671823
1,11,30,0
1,11,31,0.016391275
1,11,32,0.002671823
1,11,33,0
1,11,34,0
1,11,35,0.002671823
1,11,36,0
1,11,37,0
1,11,38,0
1,11,39,0
1,11,40,0
1,11,41,0.010363368
1,11,42,0
1,11,43,0
1,11,44,0
1,11,45,0
1,11,46,0
1,11,47,0
1,11,48,0
1,12,12,0
1,12,13,0
1,12,14,0
1,12,15,0
1,12,16,0.010363368
1,12,17,0
1,12,18,0
1,12,19,0
1,12,20,0.019225124
1,12,21,0
1,12,22,0.008699732
1,12,23,0
1,12,24,0.001519788
1,12,25,0.010363368
1,12,26,0
1,12,27,0.008699732
1,12,28,0.002671823
1,12,29,0.017334126
1,12,30,0.013035191
1,12,31,0
1,12,32,0
1,12,33,0.006600163
1,12,34,0.010363368
1,12,35,0
1,12,36,0.008861756
1,12,37,0.008861756
1,12,38,0
1,12,39,0.011714425
1,12,40,0.017723511
1,12,41,0
1,12,42,0
1,12,43,0
1,12,44,0
1,12,45,0
1,12,46,0
1,12,47,0
1,12,48,0
1,13,13,0
1,13,14,0
1,13,15,0
1,13,16,0
1,13,17,0
1,13,18,0
1,13,19,0
1,13,20,0
1,13,21,0.010363368
1,13,22,0
1,13,23,0.014386249
1,13,24,0
1,13,25,0.011714425
1,13,26,0
1,13,27,0
1,13,28,0.002671823
1,13,29,0
1,13,30,0
1,13,31,0.010363368
1,13,32,0
1,13,33,0
1,13,34,0
1,13,35,0.002671823
1,13,36,0
1,13,37,0.003928339
1,13,38,0
1,13,39,0
1,13,40,0
1,13,41,0
1,13,42,0
1,13,43,0
1,13,44,0
1,13,45,0
1,13,46,0
1,13,47,0
1,13,48,0
1,14,14,0
1,14,15,0
1,14,16,0
1,14,17,0
1,14,18,0.011714425
1,14,19,0.006970758
1,14,20,0.018685183
1,14,21,0
1,14,22,0
1,14,23,0.010363368
1,14,24,0
1,14,25,0.002468031
1,14,26,0
1,14,27,0
1,14,28,0.016449464
1,14,29,0.002468031
1,14,30,0.002671823
1,14,31,0
1,14,32,0.012055816
1,14,33,0.006027908
1,14,34,0
1,14,35,0
1,14,36,0
1,14,37,0
1,14,38,0
1,14,39,0
1,14,40,0
1,14,41,0
1,14,42,0
1,14,43,0
1,14,44,0
1,14,45,0
1,14,46,0
1,14,47,0
1,14,48,0
1,15,15,0
1,15,16,0
1,15,17,0
1,15,18,0
1,15,19,0
1,15,20,0
1,15,21,0
1,15,22,0
1,15,23,0
1,15,24,0
1,15,25,0
1,15,26,0.002671823
1,15,27,0
1,15,28,0
1,15,29,0.008861756
1,15,30,0
1,15,31,0.008861756
1,15,32,0
1,15,33,0.006027908
1,15,34,0
1,15,35,0.005343648
1,15,36,0
1,15,37,0
1,15,38,0.006027908
1,15,39,0
1,15,40,0
1,15,41,0
1,15,42,0
1,15,43,0
1,15,44,0
1,15,45,0
1,15,46,0
1,15,47,0
1,15,48,0
1,16,16,0
1,16,17,0
1,16,18,0
1,16,19,0
1,16,20,0
1,16,21,0
1,16,22,0
1,16,23,0
1,16,24,0
1,16,25,0
1,16,26,0
1,16,27,0
1,16,28,0
1,16,29,0
1,16,30,0.002671823
1,16,31,0
1,16,32,0
1,16,33,0
1,16,34,0
1,16,35,0
1,16,36,0
1,16,37,0
1,16,38,0.012055816
1,16,39,0
1,16,40,0
1,16,41,0
1,16,42,0
1,16,43,0
1,16,44,0
1,16,45,0
1,16,46,0
1,16,47,0
1,16,48,0
1,17,17,0.003928339
1,17,18,0
1,17,19,0
1,17,20,0
1,17,21,0
1,17,22,0
1,17,23,0.007559123
1,17,24,0
1,17,25,0
1,17,26,0
1,17,27,0
1,17,28,0.007547695
1,17,29,0
1,17,30,0
1,17,31,0.006027908
1,17,32,0.011714425
1,17,33,0
1,17,34,0
1,17,35,0
1,17,36,0
1,17,37,0
1,17,38,0
1,17,39,0
1,17,40,0
1,17,41,0
1,17,42,0
1,17,43,0
1,17,44,0
1,17,45,0
1,17,46,0
1,17,47,0
1,17,48,0
1,18,18,0
1,18,19,0
1,18,20,0
1,18,21,0
1,18,22,0
1,18,23,0
1,18,24,0.001519788
1,18,25,0
1,18,26,0.015397442
1,18,27,0
1,18,28,0
1,18,29,0.015397442
1,18,30,0.030301934
1,18,31,0
1,18,32,0.002671823
1,18,33,0
1,18,34,0
1,18,35,0
1,18,36,0
1,18,37,0
1,18,38,0
1,18,39,0
1,18,40,0.011714425
1,18,41,0
1,18,42,0
1,18,43,0
1,18,44,0
1,18,45,0
1,18,46,0
1,18,47,0
1,18,48,0
1,19,19,0
1,19,20,0
1,19,21,0
1,19,22,0
1,19,23,0.002468031
1,19,24,0
1,19,25,0
1,19,26,0
1,19,27,0
1,19,28,0
1,19,29,0.017922491
1,19,30,0
1,19,31,0
1,19,32,0
1,19,33,0.011714425
1,19,34,0
1,19,35,0
1,19,36,0
1,19,37,0.006027908
1,19,38,0
1,19,39,0
1,19,40,0
1,19,41,0
1,19,42,0
1,19,43,0
1,19,44,0
1,19,45,0
1,19,46,0
1,19,47,0
1,19,48,0
1,20,20,0
1,20,21,0
1,20,22,0
1,20,23,0
1,20,24,0
1,20,25,0
1,20,26,0.002671823
1,20,27,0
1,20,28,0.006970758
1,20,29,0
1,20,30,0.015832514
1,20,31,0
1,20,32,0
1,20,33,0
1,20,34,0.002468031
1,20,35,0
1,20,36,0
1,20,37,0
1,20,38,0
1,20,39,0
1,20,40,0
1,20,41,0
1,20,42,0
1,20,43,0
1,20,44,0
1,20,45,0
1,20,46,0
1,20,47,0
1,20,48,0
1,21,21,0
1,21,22,0
1,21,23,0
1,21,24,0
1,21,25,0
1,21,26,0
1,21,27,0
1,21,28,0
1,21,29,0
1,21,30,0
1,21,31,0
1,21,32,0
1,21,33,0
1,21,34,0
1,21,35,0
1,21,36,0.006027908
1,21,37,0.007824091
1,21,38,0
1,21,39,0
1,21,40,0
1,21,41,0
1,21,42,0
1,21,43,0
1,21,44,0
1,21,45,0
1,21,46,0
1,21,47,0
1,21,48,0
1,22,22,0.006027908
1,22,23,0
1,22,24,0
1,22,25,0
1,22,26,0
1,22,27,0
1,22,28,0.008861756
1,22,29,0.010363368
1,22,30,0
1,22,31,0
1,22,32,0
1,22,33,0
1,22,34,0
1,22,35,0
1,22,36,0.006027908
1,22,37,0
1,22,38,0
1,22,39,0
1,22,40,0.010363368
1,22,41,0
1,22,42,0
1,22,43,0
1,22,44,0
1,22,45,0
1,22,46,0
1,22,47,0
1,22,48,0
1,23,23,0
1,23,24,0
1,23,25,0
1,23,26,0
1,23,27,0.006970758
1,23,28,0
1,23,29,0
1,23,30,0.008861756
1,23,31,0
1,23,32,0
1,23,33,0
1,23,34,0
1,23,35,0
1,23,36,0
1,23,37,0
1,23,38,0.006027908
1,23,39,0
1,23,40,0
1,23,41,0
1,23,42,0
1,23,43,0
1,23,44,0
1,23,45,0
1,23,46,0
1,23,47,0
1,23,48,0
1,24,24,0
1,24,25,0
1,24,26,0
1,24,27,0.007547695
1,24,28,0
1,24,29,0
1,24,30,0
1,24,31,0
1,24,32,0
1,24,33,0
1,24,34,0
1,24,35,0
1,24,36,0
1,24,37,0
1,24,38,0
1,24,39,0.010363368
1,24,40,0
1,24,41,0
1,24,42,0
1,24,43,0
1,24,44,0
1,24,45,0
1,24,46,0
1,24,47,0
1,24,48,0
1,25,25,0
1,25,26,0
1,25,27,0
1,25,28,0
1,25,29,0
1,25,30,0
1,25,31,0
1,25,32,0.010363368
1,25,33,0
1,25,34,0
1,25,35,0
1,25,36,0
1,25,37,0
1,25,38,0
1,25,39,0
1,25,40,0
1,25,41,0
1,25,42,0
1,25,43,0
1,25,44,0
1,25,45,0
1,25,46,0
1,25,47,0
1,25,48,0
1,26,26,0
1,26,27,0
1,26,28,0
1,26,29,0
1,26,30,0
1,26,31,0.002671823
1,26,32,0
1,26,33,0.010363368
1,26,34,0
1,26,35,0
1,26,36,0
1,26,37,0
1,26,38,0
1,26,39,0
1,26,40,0
1,26,41,0
1,26,42,0
1,26,43,0
1,26,44,0
1,26,45,0
1,26,46,0
1,26,47,0
1,26,48,0
1,27,27,0
1,27,28,0
1,27,29,0
1,27,30,0.002671823
1,27,31,0
1,27,32,0
1,27,33,0
1,27,34,0
1,27,35,0
1,27,36,0
1,27,37,0
1,27,38,0
1,27,39,0
1,27,40,0
1,27,41,0
1,27,42,0
1,27,43,0
1,27,44,0
1,27,45,0
1,27,46,0
1,27,47,0
1,27,48,0
1,28,28,0
1,28,29,0
1,28,30,0
1,28,31,0
1,28,32,0
1,28,33,0
1,28,34,0
1,28,35,0
1,28,36,0
1,28,37,0.007559123
1,28,38,0
1,28,39,0
1,28,40,0
1,28,41,0
1,28,42,0
1,28,43,0
1,28,44,0
1,28,45,0
1,28,46,0
1,28,47,0
1,28,48,0
1,29,29,0
1,29,30,0
1,29,31,0
1,29,32,0
1,29,33,0
1,29,34,0
1,29,35,0
1,29,36,0
1,29,37,0
1,29,38,0.008861756
1,29,39,0
1,29,40,0
1,29,41,0
1,29,42,0
1,29,43,0
1,29,44,0
1,29,45,0
1,29,46,0
1,29,47,0
1,29,48,0
1,30,30,0
1,30,31,0
1,30,32,0.010363368
1,30,33,0.007559123
1,30,34,0.015397442
1,30,35,0
1,30,36,0
1,30,37,0
1,30,38,0
1,30,39,0.010363368
1,30,40,0
1,30,41,0
1,30,42,0
1,30,43,0
1,30,44,0
1,30,45,0
1,30,46,0
1,30,47,0
1,30,48,0
1,31,31,0
1,31,32,0
1,31,33,0
1,31,34,0
1,31,35,0
1,31,36,0
1,31,37,0
1,31,38,0
1,31,39,0
1,31,40,0
1,31,41,0
1,31,42,0
1,31,43,0
1,31,44,0
1,31,45,0
1,31,46,0
1,31,47,0
1,31,48,0
1,32,32,0
1,32,33,0
1,32,34,0
1,32,35,0
1,32,36,0
1,32,37,0
1,32,38,0
1,32,39,0
1,32,40,0
1,32,41,0
1,32,42,0
1,32,43,0
1,32,44,0
1,32,45,0
1,32,46,0
1,32,47,0
1,32,48,0
1,33,33,0
1,33,34,0
1,33,35,0
1,33,36,0
1,33,37,0
1,33,38,0
1,33,39,0
1,33,40,0.002671823
1,33,41,0
1,33,42,0
1,33,43,0
1,33,44,0
1,33,45,0
1,33,46,0
1,33,47,0
1,33,48,0
1,34,34,0
1,34,35,0
1,34,36,0
1,34,37,0
1,34,38,0
1,34,39,0
1,34,40,0
1,34,41,0
1,34,42,0
1,34,43,0
1,34,44,0
1,34,45,0
1,34,46,0
1,34,47,0
1,34,48,0
1,35,35,0
1,35,36,0
1,35,37,0
1,35,38,0
1,35,39,0
1,35,40,0
1,35,41,0
1,35,42,0
1,35,43,0
1,35,44,0
1,35,45,0
1,35,46,0
1,35,47,0
1,35,48,0
1,36,36,0
1,36,37,0
1,36,38,0
1,36,39,0
1,36,40,0
1,36,41,0.002671823
1,36,42,0
1,36,43,0
1,36,44,0
1,36,45,0
1,36,46,0
1,36,47,0
1,36,48,0
1,37,37,0
1,37,38,0
1,37,39,0
1,37,40,0
1,37,41,0
1,37,42,0
1,37,43,0
1,37,44,0
1,37,45,0
1,37,46,0
1,37,47,0
1,37,48,0
1,38,38,0
1,38,39,0
1,38,40,0
1,38,41,0
1,38,42,0
1,38,43,0
1,38,44,0
1,38,45,0
1,38,46,0
1,38,47,0
1,38,48,0
1,39,39,0
1,39,40,0
1,39,41,0
1,39,42,0
1,39,43,0
1,39,44,0
1,39,45,0
1,39,46,0
1,39,47,0
1,39,48,0
1,40,40,0
1,40,41,0
1,40,42,0
1,40,43,0
1,40,44,0
1,40,45,0
1,40,46,0
1,40,47,0
1,40,48,0
1,41,41,0
1,41,42,0
1,41,43,0
1,41,44,0
1,41,45,0
1,41,46,0
1,41,47,0
1,41,48,0
1,42,42,0
1,42,43,0
1,42,44,0
1,42,45,0
1,42,46,0
1,42,47,0
1,42,48,0
1,43,43,0
1,43,44,0
1,43,45,0
1,43,46,0
1,43,47,0
1,43,48,0
1,44,44,0
1,44,45,0
1,44,46,0
1,44,47,0
1,44,48,0
1,45,45,0
1,45,46,0
1,45,47,0
1,45,48,0
1,46,46,0
1,46,47,0
1,46,48,0
1,47,47,0
1,47,48,0
1,48,48,0
2,1,1,0
2,1,2,0
2,1,3,0
2,1,4,0
2,1,5,0
2,1,6,0
2,1,7,0
2,1,8,0
2,1,9,0
2,1,10,0
2,1,11,0
2,1,12,0
2,1,13,0
2,1,14,0
2,1,15,0
2,1,16,0
2,1,17,0
2,1,18,0
2,1,19,0
2,1,20,0
2,1,21,0
2,1,22,0
2,1,23,0
2,1,24,0
2,1,25,0
2,1,26,0
2,1,27,0
2,1,28,0
2,1,29,0
2,1,30,0
2,1,31,0
2,1,32,0
2,1,33,0
2,1,34,0
2,1,35,0
2,1,36,0
2,1,37,0
2,1,38,0
2,1,39,0
2,1,40,0
2,1,41,0
2,1,42,0
2,1,43,0
2,1,44,0
2,1,45,0
2,1,46,0
2,1,47,0
2,1,48,0
2,2,2,0
2,2,3,0
2,2,4,0
2,2,5,0
2,2,6,0
2,2,7,0
2,2,8,0
2,2,9,0
2,2,10,0
2,2,11,0
2,2,12,0
2,2,13,0
2,2,14,0
2,2,15,0
2,2,16,0
2,2,17,0
2,2,18,0
2,2,19,0
2,2,20,0
2,2,21,0
2,2,22,0
2,2,23,0
2,2,24,0
2,2,25,0
2,2,26,0
2,2,27,0
2,2,28,0
2,2,29,0
2,2,30,0
2,2,31,0
2,2,32,0
2,2,33,0
2,2,34,0
2,2,35,0
2,2,36,0
2,2,37,0
2,2,38,0
2,2,39,0
2,2,40,0
2,2,41,0
2,2,42,0
2,2,43,0
2,2,44,0
2,2,45,0
2,2,46,0
2,2,47,0
2,2,48,0
2,3,3,0
2,3,4,0
2,3,5,0
2,3,6,0
2,3,7,0
2,3,8,0
2,3,9,0
2,3,10,0
2,3,11,0
2,3,12,0
2,3,13,0
2,3,14,0
2,3,15,0
2,3,16,0
2,3,17,0
2,3,18,0
2,3,19,0
2,3,20,0
2,3,21,0
2,3,22,0
2,3,23,0
2,3,24,0
2,3,25,0
2,3,26,0
2,3,27,0
2,3,28,0
2,3,29,0
2,3,30,0
2,3,31,0
2,3,32,0
2,3,33,0
2,3,34,0
2,3,35,0
2,3,36,0
2,3,37,0
2,3,38,0
2,3,39,0
2,3,40,0
2,3,41,0
2,3,42,0
2,3,43,0
2,3,44,0
2,3,45,0
2,3,46,0
2,3,47,0
2,3,48,0
2,4,4,0
2,4,5,0
2,4,6,0
2,4,7,0
2,4,8,0
2,4,9,0
2,4,10,0
2,4,11,0
2,4,12,0
2,4,13,0
2,4,14,0
2,4,15,0
2,4,16,0
2,4,17,0
2,4,18,0
2,4,19,0
2,4,20,0
2,4,21,0
2,4,22,0
2,4,23,0
2,4,24,0
2,4,25,0
2,4,26,0
2,4,27,0
2,4,28,0
2,4,29,0
2,4,30,0
2,4,31,0
2,4,32,0
2,4,33,0
2,4,34,0
2,4,35,0
2,4,36,0
2,4,37,0
2,4,38,0
2,4,39,0
2,4,40,0
2,4,41,0
2,4,42,0
2,4,43,0
2,4,44,0
2,4,45,0
2,4,46,0
2,4,47,0
2,4,48,0
2,5,5,0
2,5,6,0.001774002
2,5,7,0
2,5,8,0
2,5,9,0
2,5,10,0
2,5,11,0
2,5,12,0
2,5,13,0
2,5,14,0
2,5,15,0
2,5,16,0
2,5,17,0
2,5,18,0
2,5,19,0
2,5,20,0
2,5,21,0
2,5,22,0
2,5,23,0
2,5,24,0
2,5,25,0
2,5,26,0
2,5,27,0
2,5,28,0
2,5,29,0
2,5,30,0
2,5,31,0
2,5,32,0
2,5,33,0
2,5,34,0
2,5,35,0
2,5,36,0
2,5,37,0
2,5,38,0
2,5,39,0
2,5,40,0
2,5,41,0
2,5,42,0
2,5,43,0
2,5,44,0
2,5,45,0
2,5,46,0
2,5,47,0
2,5,48,0
2,6,6,0
2,6,7,0
2,6,8,0
2,6,9,0
2,6,10,0
2,6,11,0.002329423
2,6,12,0
2,6,13,0
2,6,14,0
2,6,15,0.001569401
2,6,16,0
2,6,17,0
2,6,18,0
2,6,19,0
2,6,20,0.00118486
2,6,21,0
2,6,22,0
2,6,23,0
2,6,24,0
2,6,25,0
2,6,26,0
2,6,27,0
2,6,28,0
2,6,29,0.001144734
2,6,30,0
2,6,31,0
2,6,32,0
2,6,33,0
2,6,34,0
2,6,35,0
2,6,36,0.001569401
2,6,37,0
2,6,38,0
2,6,39,0
2,6,40,0
2,6,41,0
2,6,42,0
2,6,43,0
2,6,44,0
2,6,45,0
2,6,46,0
2,6,47,0
2,6,48,0
2,7,7,0
2,7,8,0
2,7,9,0
2,7,10,0
2,7,11,0
2,7,12,0.001774002
2,7,13,0
2,7,14,0
2,7,15,0
2,7,16,0
2,7,17,0
2,7,18,0
2,7,19,0.001342001
2,7,20,0
2,7,21,0
2,7,22,0
2,7,23,0
2,7,24,0
2,7,25,0
2,7,26,0
2,7,27,0
2,7,28,0
2,7,29,0.000404614
2,7,30,0.002200367
2,7,31,0
2,7,32,0
2,7,33,0.000404614
2,7,34,0
2,7,35,0
2,7,36,0
2,7,37,0
2,7,38,0.001144734
2,7,39,0
2,7,40,0
2,7,41,0
2,7,42,0
2,7,43,0
2,7,44,0
2,7,45,0
2,7,46,0
2,7,47,0
2,7,48,0
2,8,8,0
2,8,9,0
2,8,10,0
2,8,11,0
2,8,12,0
2,8,13,0.001774002
2,8,14,0
2,8,15,0
2,8,16,0
2,8,17,0
2,8,18,0
2,8,19,0
2,8,20,0
2,8,21,0
2,8,22,0
2,8,23,0
2,8,24,0
2,8,25,0
2,8,26,0.001342001
2,8,27,0
2,8,28,0
2,8,29,0
2,8,30,0
2,8,31,0
2,8,32,0.002734038
2,8,33,0.00091285
2,8,34,0
2,8,35,0
2,8,36,0
2,8,37,0
2,8,38,0
2,8,39,0.001569401
2,8,40,0
2,8,41,0
2,8,42,0
2,8,43,0
2,8,44,0
2,8,45,0
2,8,46,0
2,8,47,0
2,8,48,0
2,9,9,0
2,9,10,0.001144734
2,9,11,0
2,9,12,0
2,9,13,0.004232251
2,9,14,0
2,9,15,0.006435174
2,9,16,0.002482251
2,9,17,0.000404614
2,9,18,0.00091285
2,9,19,0
2,9,20,0
2,9,21,0.001342001
2,9,22,0.002331748
2,9,23,0.002734038
2,9,24,0.000594897
2,9,25,0
2,9,26,0.003671425
2,9,27,0.001569401
2,9,28,0.003244056
2,9,29,0.002331748
2,9,30,0.001144734
2,9,31,0
2,9,32,0.000404614
2,9,33,0.002829635
2,9,34,0
2,9,35,0
2,9,36,0
2,9,37,0.001774002
2,9,38,0
2,9,39,0
2,9,40,0
2,9,41,0
2,9,42,0.001144734
2,9,43,0
2,9,44,0
2,9,45,0
2,9,46,0
2,9,47,0
2,9,48,0
2,10,10,0
2,10,11,0
2,10,12,0
2,10,13,0.004827149
2,10,14,0.002289468
2,10,15,0.007791163
2,10,16,0.000594897
2,10,17,0.003858869
2,10,18,0.010667425
2,10,19,0.001144734
2,10,20,0.002686852
2,10,21,0.002754261
2,10,22,0.008489995
2,10,23,0.002714135
2,10,24,0.006970389
2,10,25,0.005675152
2,10,26,0.003626985
2,10,27,0.002987844
2,10,28,0.006971867
2,10,29,0.003244599
2,10,30,0.002911403
2,10,31,0.003543417
2,10,32,0.000404614
2,10,33,0.002462199
2,10,34,0.00091285
2,10,35,0
2,10,36,0.001569401
2,10,37,0
2,10,38,0.000404614
2,10,39,0.00091285
2,10,40,0
2,10,41,0
2,10,42,0.00091285
2,10,43,0
2,10,44,0
2,10,45,0
2,10,46,0
2,10,47,0
2,10,48,0
2,11,11,0
2,11,12,0
2,11,13,0
2,11,14,0.003881096
2,11,15,0.015058504
2,11,16,0.001739631
2,11,17,0.004300232
2,11,18,0.00573079
2,11,19,0.003476482
2,11,20,0.002462199
2,11,21,0.001774002
2,11,22,0.001976767
2,11,23,0.002694082
2,11,24,0.001342001
2,11,25,0.002178616
2,11,26,0.003395103
2,11,27,0.009481597
2,11,28,0.006435174
2,11,29,0.003565333
2,11,30,0.00931184
2,11,31,0.001317465
2,11,32,0.004460854
2,11,33,0.003599703
2,11,34,0.002686852
2,11,35,0
2,11,36,0.003395103
2,11,37,0.001569401
2,11,38,0.005501696
2,11,39,0.003901149
2,11,40,0.003403914
2,11,41,0
2,11,42,0
2,11,43,0
2,11,44,0
2,11,45,0
2,11,46,0
2,11,47,0
2,11,48,0
2,12,12,0
2,12,13,0
2,12,14,0.003474157
2,12,15,0.009680002
2,12,16,0.004588846
2,12,17,0.011854634
2,12,18,0.003434201
2,12,19,0.002057584
2,12,20,0.001144734
2,12,21,0.006587375
2,12,22,0.002331748
2,12,23,0.005731333
2,12,24,0.003343403
2,12,25,0.004663497
2,12,26,0.005260178
2,12,27,0.00091285
2,12,28,0.009281342
2,12,29,0.007611347
2,12,30,0.005341093
2,12,31,0.008309605
2,12,32,0.002230315
2,12,33,0.006063884
2,12,34,0.003318398
2,12,35,0.005655098
2,12,36,0.003399585
2,12,37,0
2,12,38,0.002563381
2,12,39,0.004661172
2,12,40,0.001569401
2,12,41,0
2,12,42,0.001569401
2,12,43,0
2,12,44,0
2,12,45,0
2,12,46,0
2,12,47,0
2,12,48,0
2,13,13,0
2,13,14,0
2,13,15,0.00091285
2,13,16,0
2,13,17,0.000404614
2,13,18,0
2,13,19,0.000634767
2,13,20,0.002686852
2,13,21,0
2,13,22,0.008200839
2,13,23,0.003316016
2,13,24,0
2,13,25,0.002686852
2,13,26,0.002254852
2,13,27,0.004450735
2,13,28,0.00659449
2,13,29,0.004793946
2,13,30,0.004865468
2,13,31,0.00091285
2,13,32,0.003833065
2,13,33,0
2,13,34,0.001774002
2,13,35,0
2,13,36,0.001825702
2,13,37,0.00091285
2,13,38,0.003982279
2,13,39,0
2,13,40,0
2,13,41,0
2,13,42,0
2,13,43,0
2,13,44,0
2,13,45,0
2,13,46,0
2,13,47,0
2,13,48,0
2,14,14,0
2,14,15,0.004588846
2,14,16,0.004063469
2,14,17,0.005083034
2,14,18,0.002714135
2,14,19,0.006048903
2,14,20,0.000230152
2,14,21,0.001974016
2,14,22,0.004912804
2,14,23,0.004818998
2,14,24,0.007147658
2,14,25,0.0082115
2,14,26,0.005065786
2,14,27,0.005675152
2,14,28,0.0037337
2,14,29,0.014875855
2,14,30,0.008692467
2,14,31,0.007795439
2,14,32,0.007754963
2,14,33,0.002686852
2,14,34,0.00091285
2,14,35,0.00580823
2,14,36,0
2,14,37,0.00875162
2,14,38,0.00091285
2,14,39,0.001342001
2,14,40,0
2,14,41,0
2,14,42,0.001144734
2,14,43,0
2,14,44,0
2,14,45,0
2,14,46,0
2,14,47,0
2,14,48,0.003244056
2,15,15,0
2,15,16,0
2,15,17,0.000404614
2,15,18,0
2,15,19,0
2,15,20,0
2,15,21,0.001317465
2,15,22,0
2,15,23,0.00410575
2,15,24,0.001569401
2,15,25,0
2,15,26,0
2,15,27,0
2,15,28,0.001569401
2,15,29,0.001569401
2,15,30,0.007138168
2,15,31,0
2,15,32,0
2,15,33,0.001774002
2,15,34,0
2,15,35,0
2,15,36,0
2,15,37,0.00091285
2,15,38,0
2,15,39,0
2,15,40,0
2,15,41,0
2,15,42,0
2,15,43,0
2,15,44,0
2,15,45,0.001774002
2,15,46,0
2,15,47,0
2,15,48,0
2,16,16,0
2,16,17,0
2,16,18,0.003309032
2,16,19,0.008464502
2,16,20,0
2,16,21,0
2,16,22,0.005286556
2,16,23,0.002057584
2,16,24,0.00091285
2,16,25,0.002714135
2,16,26,0.001144734
2,16,27,0
2,16,28,0.00410575
2,16,29,0.003831586
2,16,30,0.001144734
2,16,31,0
2,16,32,0.001974016
2,16,33,0
2,16,34,0
2,16,35,0.000404614
2,16,36,0
2,16,37,0.004256253
2,16,38,0.002329423
2,16,39,0
2,16,40,0
2,16,41,0
2,16,42,0.002331748
2,16,43,0
2,16,44,0
2,16,45,0
2,16,46,0.001569401
2,16,47,0.004588846
2,16,48,0
2,17,17,0
2,17,18,0
2,17,19,0
2,17,20,0.004818998
2,17,21,0
2,17,22,0
2,17,23,0.000373752
2,17,24,0
2,17,25,0.003967035
2,17,26,0.001342001
2,17,27,0.003573556
2,17,28,0
2,17,29,0.003244599
2,17,30,0.001569401
2,17,31,0
2,17,32,0
2,17,33,0
2,17,34,0
2,17,35,0
2,17,36,0.000404614
2,17,37,0.001569401
2,17,38,0.003244599
2,17,39,0
2,17,40,0
2,17,41,0
2,17,42,0
2,17,43,0
2,17,44,0
2,17,45,0
2,17,46,0
2,17,47,0
2,17,48,0
2,18,18,0
2,18,19,0
2,18,20,0
2,18,21,0.002884365
2,18,22,0.006254805
2,18,23,0.00563287
2,18,24,0.003244056
2,18,25,0.005142957
2,18,26,0.007396754
2,18,27,0.006819885
2,18,28,0
2,18,29,0.005576347
2,18,30,0.002918736
2,18,31,0.001774002
2,18,32,0
2,18,33,0.005801652
2,18,34,0.001569401
2,18,35,0.003118749
2,18,36,0
2,18,37,0
2,18,38,0.001569401
2,18,39,0.002864122
2,18,40,0
2,18,41,0.002491064
2,18,42,0
2,18,43,0
2,18,44,0
2,18,45,0.000594897
2,18,46,0
2,18,47,0
2,18,48,0
2,19,19,0
2,19,20,0
2,19,21,0
2,19,22,0.000404614
2,19,23,0.001144734
2,19,24,0
2,19,25,0
2,19,26,0
2,19,27,0.001569401
2,19,28,0.000373752
2,19,29,0
2,19,30,0.001774002
2,19,31,0.002331748
2,19,32,0.003242274
2,19,33,0.001569401
2,19,34,0.002331748
2,19,35,0.001774002
2,19,36,0
2,19,37,0.001144734
2,19,38,0.002331748
2,19,39,0
2,19,40,0
2,19,41,0
2,19,42,0
2,19,43,0
2,19,44,0
2,19,45,0
2,19,46,0
2,19,47,0
2,19,48,0
2,20,20,0
2,20,21,0
2,20,22,0
2,20,23,0.002736362
2,20,24,0.001774002
2,20,25,0.006615285
2,20,26,0
2,20,27,0
2,20,28,0.001569401
2,20,29,0.002482251
2,20,30,0.004638123
2,20,31,0.005605589
2,20,32,0
2,20,33,0.003138802
2,20,34,0.000404614
2,20,35,0.00091285
2,20,36,0
2,20,37,0.001144734
2,20,38,0
2,20,39,0
2,20,40,0.001144734
2,20,41,0
2,20,42,0
2,20,43,0
2,20,44,0
2,20,45,0
2,20,46,0.001774002
2,20,47,0
2,20,48,0
2,21,21,0
2,21,22,0
2,21,23,0
2,21,24,0.004588846
2,21,25,0.001968484
2,21,26,0.002329423
2,21,27,0.000404614
2,21,28,0
2,21,29,0.002057584
2,21,30,0
2,21,31,0.00091285
2,21,32,0.005501696
2,21,33,0
2,21,34,0
2,21,35,0.004060465
2,21,36,0
2,21,37,0.003476482
2,21,38,0
2,21,39,0
2,21,40,0.001774002
2,21,41,0.001569401
2,21,42,0
2,21,43,0
2,21,44,0
2,21,45,0
2,21,46,0
2,21,47,0
2,21,48,0
2,22,22,0
2,22,23,0
2,22,24,0.003219932
2,22,25,0.002289468
2,22,26,0.01573305
2,22,27,0.006506131
2,22,28,0.000404614
2,22,29,0.004814
2,22,30,0.004460854
2,22,31,0
2,22,32,0
2,22,33,0.002918736
2,22,34,0
2,22,35,0.002004155
2,22,36,0.002057584
2,22,37,0.002864122
2,22,38,0
2,22,39,0
2,22,40,0.002331748
2,22,41,0.005468226
2,22,42,0
2,22,43,0
2,22,44,0
2,22,45,0
2,22,46,0
2,22,47,0
2,22,48,0
2,23,23,0
2,23,24,0
2,23,25,0
2,23,26,0.003901149
2,23,27,0.005877428
2,23,28,0.003244056
2,23,29,0.00091285
2,23,30,0
2,23,31,0
2,23,32,0.002329423
2,23,33,0.001143003
2,23,34,0
2,23,35,0
2,23,36,0
2,23,37,0
2,23,38,0
2,23,39,0
2,23,40,0
2,23,41,0
2,23,42,0
2,23,43,0
2,23,44,0
2,23,45,0
2,23,46,0
2,23,47,0
2,23,48,0
2,24,24,0
2,24,25,0
2,24,26,0.002289468
2,24,27,0.007507581
2,24,28,0.00091285
2,24,29,0.00091285
2,24,30,0
2,24,31,0.001144734
2,24,32,0
2,24,33,0
2,24,34,0.001144734
2,24,35,0
2,24,36,0
2,24,37,0
2,24,38,0
2,24,39,0
2,24,40,0
2,24,41,0
2,24,42,0.002491064
2,24,43,0
2,24,44,0
2,24,45,0
2,24,46,0
2,24,47,0
2,24,48,0
2,25,25,0
2,25,26,0
2,25,27,0
2,25,28,0
2,25,29,0.001144734
2,25,30,0.005145102
2,25,31,0.001774002
2,25,32,0
2,25,33,0
2,25,34,0
2,25,35,0
2,25,36,0.001774002
2,25,37,0
2,25,38,0.001144734
2,25,39,0
2,25,40,0
2,25,41,0
2,25,42,0
2,25,43,0
2,25,44,0
2,25,45,0
2,25,46,0
2,25,47,0
2,25,48,0
2,26,26,0
2,26,27,0
2,26,28,0.003434201
2,26,29,0.006561845
2,26,30,0.004260737
2,26,31,0.001342001
2,26,32,0.0039383
2,26,33,0
2,26,34,0.000230152
2,26,35,0.00091285
2,26,36,0.004232251
2,26,37,0
2,26,38,0
2,26,39,0
2,26,40,0
2,26,41,0.001144734
2,26,42,0
2,26,43,0
2,26,44,0
2,26,45,0
2,26,46,0
2,26,47,0
2,26,48,0
2,27,27,0
2,27,28,0
2,27,29,0
2,27,30,0
2,27,31,0.000404614
2,27,32,0
2,27,33,0
2,27,34,0.001055634
2,27,35,0
2,27,36,0
2,27,37,0
2,27,38,0
2,27,39,0
2,27,40,0
2,27,41,0.00091285
2,27,42,0
2,27,43,0
2,27,44,0
2,27,45,0
2,27,46,0
2,27,47,0
2,27,48,0
2,28,28,0
2,28,29,0.001144734
2,28,30,0
2,28,31,0.00091285
2,28,32,0.001342001
2,28,33,0.000404614
2,28,34,0
2,28,35,0
2,28,36,0
2,28,37,0.003368955
2,28,38,0
2,28,39,0.002864122
2,28,40,0.001342001
2,28,41,0
2,28,42,0
2,28,43,0
2,28,44,0
2,28,45,0
2,28,46,0
2,28,47,0
2,28,48,0
2,29,29,0
2,29,30,0
2,29,31,0
2,29,32,0
2,29,33,0.003343403
2,29,34,0
2,29,35,0
2,29,36,0.000404614
2,29,37,0
2,29,38,0
2,29,39,0
2,29,40,0
2,29,41,0
2,29,42,0
2,29,43,0
2,29,44,0
2,29,45,0
2,29,46,0
2,29,47,0
2,29,48,0
2,30,30,0
2,30,31,0
2,30,32,0
2,30,33,0.001144734
2,30,34,0.003138802
2,30,35,0.001549348
2,30,36,0.002911403
2,30,37,0.001342001
2,30,38,0.002686852
2,30,39,0
2,30,40,0
2,30,41,0
2,30,42,0
2,30,43,0
2,30,44,0
2,30,45,0
2,30,46,0
2,30,47,0
2,30,48,0
2,31,31,0
2,31,32,0
2,31,33,0
2,31,34,0
2,31,35,0
2,31,36,0
2,31,37,0
2,31,38,0.002331748
2,31,39,0
2,31,40,0
2,31,41,0
2,31,42,0
2,31,43,0
2,31,44,0
2,31,45,0
2,31,46,0
2,31,47,0
2,31,48,0
2,32,32,0
2,32,33,0.001569401
2,32,34,0.00091285
2,32,35,0.0039383
2,32,36,0.002329423
2,32,37,0
2,32,38,0.000404614
2,32,39,0.001144734
2,32,40,0
2,32,41,0
2,32,42,0
2,32,43,0
2,32,44,0
2,32,45,0
2,32,46,0.001569401
2,32,47,0
2,32,48,0
2,33,33,0
2,33,34,0
2,33,35,0.001774002
2,33,36,0
2,33,37,0
2,33,38,0.00091285
2,33,39,0
2,33,40,0
2,33,41,0
2,33,42,0
2,33,43,0
2,33,44,0
2,33,45,0
2,33,46,0
2,33,47,0
2,33,48,0.001055634
2,34,34,0
2,34,35,0
2,34,36,0
2,34,37,0
2,34,38,0
2,34,39,0
2,34,40,0
2,34,41,0
2,34,42,0.00091285
2,34,43,0
2,34,44,0
2,34,45,0
2,34,46,0
2,34,47,0
2,34,48,0
2,35,35,0
2,35,36,0
2,35,37,0
2,35,38,0
2,35,39,0.002057584
2,35,40,0
2,35,41,0
2,35,42,0.000594897
2,35,43,0
2,35,44,0
2,35,45,0
2,35,46,0
2,35,47,0
2,35,48,0
2,36,36,0
2,36,37,0
2,36,38,0
2,36,39,0
2,36,40,0
2,36,41,0
2,36,42,0
2,36,43,0
2,36,44,0
2,36,45,0
2,36,46,0
2,36,47,0
2,36,48,0
2,37,37,0
2,37,38,0
2,37,39,0
2,37,40,0.001055634
2,37,41,0
2,37,42,0
2,37,43,0
2,37,44,0
2,37,45,0
2,37,46,0
2,37,47,0
2,37,48,0
2,38,38,0
2,38,39,0
2,38,40,0
2,38,41,0
2,38,42,0
2,38,43,0
2,38,44,0
2,38,45,0
2,38,46,0
2,38,47,0
2,38,48,0
2,39,39,0
2,39,40,0.000594897
2,39,41,0
2,39,42,0
2,39,43,0
2,39,44,0
2,39,45,0
2,39,46,0
2,39,47,0
2,39,48,0
2,40,40,0
2,40,41,0
2,40,42,0
2,40,43,0
2,40,44,0
2,40,45,0
2,40,46,0
2,40,47,0
2,40,48,0
2,41,41,0
2,41,42,0
2,41,43,0
2,41,44,0
2,41,45,0
2,41,46,0
2,41,47,0
2,41,48,0
2,42,42,0
2,42,43,0
2,42,44,0
2,42,45,0
2,42,46,0
2,42,47,0
2,42,48,0
2,43,43,0
2,43,44,0
2,43,45,0
2,43,46,0
2,43,47,0
2,43,48,0
2,44,44,0
2,44,45,0
2,44,46,0
2,44,47,0
2,44,48,0
2,45,45,0
2,45,46,0
2,45,47,0
2,45,48,0
2,46,46,0
2,46,47,0
2,46,48,0
2,47,47,0
2,47,48,0
2,48,48,0
3,1,1,0
3,1,2,0
3,1,3,0
3,1,4,0
3,1,5,0
3,1,6,0
3,1,7,0
3,1,8,0
3,1,9,0
3,1,10,0
3,1,11,0
3,1,12,0
3,1,13,0
3,1,14,0
3,1,15,0
3,1,16,0
3,1,17,0
3,1,18,0
3,1,19,0
3,1,20,0
3,1,21,0
3,1,22,0
3,1,23,0
3,1,24,0
3,1,25,0
3,1,26,0
3,1,27,0
3,1,28,0
3,1,29,0
3,1,30,0
3,1,31,0
3,1,32,0
3,1,33,0
3,1,34,0
3,1,35,0
3,1,36,0
3,1,37,0
3,1,38,0
3,1,39,0
3,1,40,0
3,1,41,0
3,1,42,0
3,1,43,0
3,1,44,0
3,1,45,0
3,1,46,0
3,1,47,0
3,1,48,0
3,2,2,0
3,2,3,0
3,2,4,0
3,2,5,0
3,2,6,0
3,2,7,0
3,2,8,0
3,2,9,0
3,2,10,0
3,2,11,0
3,2,12,0
3,2,13,0
3,2,14,0
3,2,15,0
3,2,16,0
3,2,17,0
3,2,18,0
3,2,19,0
3,2,20,0
3,2,21,0
3,2,22,0
3,2,23,0
3,2,24,0
3,2,25,0
3,2,26,0
3,2,27,0
3,2,28,0
3,2,29,0
3,2,30,0
3,2,31,0
3,2,32,0
3,2,33,0
3,2,34,0
3,2,35,0
3,2,36,0
3,2,37,0
3,2,38,0
3,2,39,0
3,2,40,0
3,2,41,0
3,2,42,0
3,2,43,0
3,2,44,0
3,2,45,0
3,2,46,0
3,2,47,0
3,2,48,0
3,3,3,0
3,3,4,0
3,3,5,0
3,3,6,0
3,3,7,0
3,3,8,0
3,3,9,0
3,3,10,0
3,3,11,0
3,3,12,0
3,3,13,0
3,3,14,0
3,3,15,0
3,3,16,0
3,3,17,0
3,3,18,0
3,3,19,0
3,3,20,0
3,3,21,0
3,3,22,0
3,3,23,0
3,3,24,0
3,3,25,0
3,3,26,0
3,3,27,0
3,3,28,0
3,3,29,0
3,3,30,0
3,3,31,0
3,3,32,0
3,3,33,0
3,3,34,0
3,3,35,0
3,3,36,0
3,3,37,0
3,3,38,0
3,3,39,0
3,3,40,0
3,3,41,0
3,3,42,0
3,3,43,0
3,3,44,0
3,3,45,0
3,3,46,0
3,3,47,0
3,3,48,0
3,4,4,0
3,4,5,0
3,4,6,0
3,4,7,0
3,4,8,0
3,4,9,0
3,4,10,0
3,4,11,0
3,4,12,0
3,4,13,0
3,4,14,0
3,4,15,0
3,4,16,0
3,4,17,0
3,4,18,0
3,4,19,0
3,4,20,0
3,4,21,0
3,4,22,0
3,4,23,0
3,4,24,0
3,4,25,0
3,4,26,0
3,4,27,0
3,4,28,0
3,4,29,0
3,4,30,0
3,4,31,0
3,4,32,0
3,4,33,0
3,4,34,0
3,4,35,0
3,4,36,0
3,4,37,0
3,4,38,0
3,4,39,0
3,4,40,0
3,4,41,0
3,4,42,0
3,4,43,0
3,4,44,0
3,4,45,0
3,4,46,0
3,4,47,0
3,4,48,0
3,5,5,0
3,5,6,0
3,5,7,0
3,5,8,0
3,5,9,0
3,5,10,0
3,5,11,0
3,5,12,0
3,5,13,0
3,5,14,0
3,5,15,0
3,5,16,0
3,5,17,0
3,5,18,0
3,5,19,0
3,5,20,0
3,5,21,0
3,5,22,0
3,5,23,0
3,5,24,0
3,5,25,0
3,5,26,0
3,5,27,0
3,5,28,0
3,5,29,0
3,5,30,0
3,5,31,0
3,5,32,0
3,5,33,0
3,5,34,0
3,5,35,0
3,5,36,0
3,5,37,0
3,5,38,0
3,5,39,0
3,5,40,0
3,5,41,0
3,5,42,0
3,5,43,0
3,5,44,0
3,5,45,0
3,5,46,0
3,5,47,0
3,5,48,0
3,6,6,0
3,6,7,0
3,6,8,0
3,6,9,0
3,6,10,0
3,6,11,0
3,6,12,0
3,6,13,0
3,6,14,0
3,6,15,0
3,6,16,0
3,6,17,0
3,6,18,0
3,6,19,0
3,6,20,0
3,6,21,0
3,6,22,0
3,6,23,0
3,6,24,0
3,6,25,0
3,6,26,0
3,6,27,0
3,6,28,0
3,6,29,0
3,6,30,0
3,6,31,0
3,6,32,0
3,6,33,0
3,6,34,0
3,6,35,0
3,6,36,0
3,6,37,0
3,6,38,0
3,6,39,0
3,6,40,0
3,6,41,0
3,6,42,0
3,6,43,0
3,6,44,0
3,6,45,0
3,6,46,0
3,6,47,0
3,6,48,0
3,7,7,0
3,7,8,0
3,7,9,0
3,7,10,0
3,7,11,0
3,7,12,0
3,7,13,0
3,7,14,0
3,7,15,0
3,7,16,0
3,7,17,0
3,7,18,0
3,7,19,0
3,7,20,0
3,7,21,0
3,7,22,0
3,7,23,0
3,7,24,0
3,7,25,0
3,7,26,0
3,7,27,0
3,7,28,0
3,7,29,0
3,7,30,0
3,7,31,0
3,7,32,0
3,7,33,0
3,7,34,0
3,7,35,0
3,7,36,0
3,7,37,0
3,7,38,0
3,7,39,0
3,7,40,0
3,7,41,0
3,7,42,0
3,7,43,0
3,7,44,0
3,7,45,0
3,7,46,0
3,7,47,0
3,7,48,0
3,8,8,0
3,8,9,0
3,8,10,0
3,8,11,0
3,8,12,0
3,8,13,0
3,8,14,0
3,8,15,0
3,8,16,0
3,8,17,0
3,8,18,0
3,8,19,0
3,8,20,0
3,8,21,0
3,8,22,0
3,8,23,0
3,8,24,0
3,8,25,0
3,8,26,0
3,8,27,0
3,8,28,0
3,8,29,0
3,8,30,0
3,8,31,0
3,8,32,0
3,8,33,0
3,8,34,0
3,8,35,0
3,8,36,0
3,8,37,0
3,8,38,0
3,8,39,0
3,8,40,0
3,8,41,0
3,8,42,0
3,8,43,0
3,8,44,0
3,8,45,0
3,8,46,0
3,8,47,0
3,8,48,0
3,9,9,0
3,9,10,0
3,9,11,0
3,9,12,0
3,9,13,0
3,9,14,0
3,9,15,0
3,9,16,0
3,9,17,0
3,9,18,0
3,9,19,0
3,9,20,0
3,9,21,0
3,9,22,0
3,9,23,0
3,9,24,0
3,9,25,0.00559522
3,9,26,0
3,9,27,0
3,9,28,0
3,9,29,0
3,9,30,0
3,9,31,0
3,9,32,0
3,9,33,0
3,9,34,0
3,9,35,0
3,9,36,0
3,9,37,0
3,9,38,0
3,9,39,0
3,9,40,0
3,9,41,0
3,9,42,0
3,9,43,0
3,9,44,0
3,9,45,0
3,9,46,0
3,9,47,0
3,9,48,0
3,10,10,0
3,10,11,0
3,10,12,0
3,10,13,0
3,10,14,0
3,10,15,0
3,10,16,0
3,10,17,0
3,10,18,0
3,10,19,0
3,10,20,0
3,10,21,0
3,10,22,0
3,10,23,0
3,10,24,0
3,10,25,0
3,10,26,0
3,10,27,0
3,10,28,0
3,10,29,0
3,10,30,0
3,10,31,0
3,10,32,0
3,10,33,0
3,10,34,0
3,10,35,0
3,10,36,0
3,10,37,0.008225651
3,10,38,0
3,10,39,0
3,10,40,0
3,10,41,0
3,10,42,0
3,10,43,0
3,10,44,0
3,10,45,0
3,10,46,0
3,10,47,0.014292201
3,10,48,0
3,11,11,0.009619476
3,11,12,0
3,11,13,0
3,11,14,0
3,11,15,0.001410696
3,11,16,0
3,11,17,0
3,11,18,0
3,11,19,0
3,11,20,0
3,11,21,0
3,11,22,0
3,11,23,0
3,11,24,0
3,11,25,0
3,11,26,0
3,11,27,0
3,11,28,0
3,11,29,0
3,11,30,0
3,11,31,0
3,11,32,0
3,11,33,0
3,11,34,0
3,11,35,0
3,11,36,0
3,11,37,0
3,11,38,0
3,11,39,0
3,11,40,0
3,11,41,0
3,11,42,0
3,11,43,0
3,11,44,0
3,11,45,0
3,11,46,0
3,11,47,0
3,11,48,0
3,12,12,0
3,12,13,0
3,12,14,0
3,12,15,0.009496561
3,12,16,0.00559522
3,12,17,0.014277953
3,12,18,0
3,12,19,0.010873554
3,12,20,0
3,12,21,0
3,12,22,0
3,12,23,0
3,12,24,0
3,12,25,0
3,12,26,0
3,12,27,0.010873554
3,12,28,0.014277953
3,12,29,0.00559522
3,12,30,0
3,12,31,0
3,12,32,0
3,12,33,0
3,12,34,0
3,12,35,0
3,12,36,0
3,12,37,0
3,12,38,0
3,12,39,0
3,12,40,0
3,12,41,0
3,12,42,0
3,12,43,0
3,12,44,0
3,12,45,0
3,12,46,0
3,12,47,0
3,12,48,0
3,13,13,0
3,13,14,0
3,13,15,0.009619476
3,13,16,0
3,13,17,0
3,13,18,0.008225651
3,13,19,0
3,13,20,0
3,13,21,0.002480038
3,13,22,0
3,13,23,0
3,13,24,0
3,13,25,0
3,13,26,0
3,13,27,0
3,13,28,0
3,13,29,0
3,13,30,0
3,13,31,0
3,13,32,0
3,13,33,0
3,13,34,0
3,13,35,0
3,13,36,0
3,13,37,0
3,13,38,0
3,13,39,0
3,13,40,0
3,13,41,0
3,13,42,0
3,13,43,0
3,13,44,0
3,13,45,0
3,13,46,0
3,13,47,0
3,13,48,0
3,14,14,0
3,14,15,0
3,14,16,0
3,14,17,0
3,14,18,0.007016524
3,14,19,0
3,14,20,0
3,14,21,0
3,14,22,0
3,14,23,0.010873554
3,14,24,0
3,14,25,0
3,14,26,0
3,14,27,0
3,14,28,0
3,14,29,0
3,14,30,0.009619476
3,14,31,0
3,14,32,0
3,14,33,0
3,14,34,0
3,14,35,0
3,14,36,0
3,14,37,0
3,14,38,0
3,14,39,0
3,14,40,0
3,14,41,0
3,14,42,0
3,14,43,0
3,14,44,0
3,14,45,0
3,14,46,0
3,14,47,0
3,14,48,0
3,15,15,0
3,15,16,0.009619476
3,15,17,0
3,15,18,0
3,15,19,0.002480038
3,15,20,0
3,15,21,0
3,15,22,0
3,15,23,0
3,15,24,0
3,15,25,0
3,15,26,0
3,15,27,0
3,15,28,0
3,15,29,0
3,15,30,0
3,15,31,0
3,15,32,0
3,15,33,0
3,15,34,0
3,15,35,0
3,15,36,0
3,15,37,0
3,15,38,0
3,15,39,0
3,15,40,0
3,15,41,0
3,15,42,0
3,15,43,0
3,15,44,0
3,15,45,0
3,15,46,0
3,15,47,0
3,15,48,0
3,16,16,0
3,16,17,0
3,16,18,0.016468774
3,16,19,0
3,16,20,0
3,16,21,0
3,16,22,0
3,16,23,0
3,16,24,0
3,16,25,0
3,16,26,0
3,16,27,0
3,16,28,0
3,16,29,0
3,16,30,0
3,16,31,0
3,16,32,0
3,16,33,0
3,16,34,0
3,16,35,0
3,16,36,0
3,16,37,0
3,16,38,0
3,16,39,0
3,16,40,0
3,16,41,0
3,16,42,0
3,16,43,0
3,16,44,0
3,16,45,0
3,16,46,0
3,16,47,0
3,16,48,0
3,17,17,0.010873554
3,17,18,0
3,17,19,0.002480038
3,17,20,0
3,17,21,0
3,17,22,0
3,17,23,0.001410696
3,17,24,0
3,17,25,0
3,17,26,0
3,17,27,0
3,17,28,0.00559522
3,17,29,0.007016524
3,17,30,0
3,17,31,0
3,17,32,0
3,17,33,0
3,17,34,0
3,17,35,0
3,17,36,0
3,17,37,0
3,17,38,0
3,17,39,0
3,17,40,0
3,17,41,0
3,17,42,0
3,17,43,0
3,17,44,0
3,17,45,0
3,17,46,0
3,17,47,0
3,17,48,0
3,18,18,0
3,18,19,0
3,18,20,0.014277953
3,18,21,0
3,18,22,0.007016524
3,18,23,0
3,18,24,0
3,18,25,0
3,18,26,0
3,18,27,0
3,18,28,0
3,18,29,0
3,18,30,0
3,18,31,0
3,18,32,0.00364636
3,18,33,0
3,18,34,0
3,18,35,0
3,18,36,0
3,18,37,0
3,18,38,0
3,18,39,0
3,18,40,0
3,18,41,0
3,18,42,0
3,18,43,0
3,18,44,0
3,18,45,0
3,18,46,0
3,18,47,0
3,18,48,0
3,19,19,0
3,19,20,0.007016524
3,19,21,0.009619476
3,19,22,0
3,19,23,0
3,19,24,0
3,19,25,0
3,19,26,0
3,19,27,0
3,19,28,0.002290874
3,19,29,0
3,19,30,0
3,19,31,0
3,19,32,0
3,19,33,0
3,19,34,0
3,19,35,0
3,19,36,0
3,19,37,0
3,19,38,0
3,19,39,0
3,19,40,0
3,19,41,0
3,19,42,0
3,19,43,0
3,19,44,0
3,19,45,0
3,19,46,0
3,19,47,0
3,19,48,0
3,20,20,0
3,20,21,0.008075258
3,20,22,0
3,20,23,0.002480038
3,20,24,0.008225651
3,20,25,0
3,20,26,0
3,20,27,0
3,20,28,0
3,20,29,0
3,20,30,0.00559522
3,20,31,0
3,20,32,0
3,20,33,0
3,20,34,0
3,20,35,0
3,20,36,0
3,20,37,0
3,20,38,0
3,20,39,0
3,20,40,0
3,20,41,0.009619476
3,20,42,0
3,20,43,0
3,20,44,0
3,20,45,0
3,20,46,0
3,20,47,0
3,20,48,0
3,21,21,0
3,21,22,0
3,21,23,0
3,21,24,0.008225651
3,21,25,0
3,21,26,0.014277953
3,21,27,0
3,21,28,0
3,21,29,0.00559522
3,21,30,0
3,21,31,0
3,21,32,0
3,21,33,0
3,21,34,0
3,21,35,0
3,21,36,0
3,21,37,0
3,21,38,0
3,21,39,0
3,21,40,0
3,21,41,0
3,21,42,0
3,21,43,0
3,21,44,0
3,21,45,0
3,21,46,0
3,21,47,0
3,21,48,0
3,22,22,0.014292201
3,22,23,0
3,22,24,0.009619476
3,22,25,0
3,22,26,0
3,22,27,0
3,22,28,0.00559522
3,22,29,0
3,22,30,0
3,22,31,0
3,22,32,0
3,22,33,0
3,22,34,0
3,22,35,0
3,22,36,0
3,22,37,0
3,22,38,0
3,22,39,0
3,22,40,0
3,22,41,0
3,22,42,0
3,22,43,0
3,22,44,0
3,22,45,0
3,22,46,0
3,22,47,0
3,22,48,0
3,23,23,0
3,23,24,0
3,23,25,0.00559522
3,23,26,0
3,23,27,0
3,23,28,0.009619476
3,23,29,0.020493031
3,23,30,0
3,23,31,0
3,23,32,0
3,23,33,0
3,23,34,0
3,23,35,0
3,23,36,0
3,23,37,0
3,23,38,0
3,23,39,0
3,23,40,0
3,23,41,0
3,23,42,0
3,23,43,0
3,23,44,0
3,23,45,0
3,23,46,0
3,23,47,0
3,23,48,0
3,24,24,0
3,24,25,0.00559522
3,24,26,0
3,24,27,0.014292201
3,24,28,0
3,24,29,0
3,24,30,0.007016524
3,24,31,0
3,24,32,0
3,24,33,0
3,24,34,0
3,24,35,0
3,24,36,0
3,24,37,0
3,24,38,0
3,24,39,0
3,24,40,0
3,24,41,0
3,24,42,0
3,24,43,0
3,24,44,0
3,24,45,0
3,24,46,0
3,24,47,0
3,24,48,0
3,25,25,0
3,25,26,0.016636
3,25,27,0.023911678
3,25,28,0.009619476
3,25,29,0
3,25,30,0.007016524
3,25,31,0
3,25,32,0
3,25,33,0
3,25,34,0.00559522
3,25,35,0.002480038
3,25,36,0
3,25,37,0
3,25,38,0
3,25,39,0
3,25,40,0
3,25,41,0
3,25,42,0
3,25,43,0
3,25,44,0
3,25,45,0
3,25,46,0
3,25,47,0
3,25,48,0
3,26,26,0
3,26,27,0
3,26,28,0.00559522
3,26,29,0
3,26,30,0
3,26,31,0
3,26,32,0
3,26,33,0
3,26,34,0
3,26,35,0
3,26,36,0
3,26,37,0
3,26,38,0
3,26,39,0
3,26,40,0
3,26,41,0
3,26,42,0
3,26,43,0
3,26,44,0
3,26,45,0
3,26,46,0
3,26,47,0
3,26,48,0
3,27,27,0.014292201
3,27,28,0.009619476
3,27,29,0.019082134
3,27,30,0
3,27,31,0
3,27,32,0
3,27,33,0.039000391
3,27,34,0
3,27,35,0
3,27,36,0
3,27,37,0
3,27,38,0
3,27,39,0
3,27,40,0
3,27,41,0
3,27,42,0.028126837
3,27,43,0
3,27,44,0
3,27,45,0
3,27,46,0
3,27,47,0
3,27,48,0
3,28,28,0.009619476
3,28,29,0.00559522
3,28,30,0.020493031
3,28,31,0.009619476
3,28,32,0.014277953
3,28,33,0
3,28,34,0
3,28,35,0
3,28,36,0
3,28,37,0
3,28,38,0.008225651
3,28,39,0
3,28,40,0
3,28,41,0
3,28,42,0
3,28,43,0
3,28,44,0
3,28,45,0
3,28,46,0
3,28,47,0
3,28,48,0
3,29,29,0.015242175
3,29,30,0
3,29,31,0.032137329
3,29,32,0.00559522
3,29,33,0.009619476
3,29,34,0
3,29,35,0
3,29,36,0
3,29,37,0
3,29,38,0
3,29,39,0
3,29,40,0
3,29,41,0
3,29,42,0
3,29,43,0
3,29,44,0
3,29,45,0
3,29,46,0
3,29,47,0
3,29,48,0
3,30,30,0.009619476
3,30,31,0.007016524
3,30,32,0.00559522
3,30,33,0.009619476
3,30,34,0.016468774
3,30,35,0
3,30,36,0
3,30,37,0
3,30,38,0
3,30,39,0
3,30,40,0.009619476
3,30,41,0
3,30,42,0
3,30,43,0
3,30,44,0
3,30,45,0
3,30,46,0
3,30,47,0
3,30,48,0
3,31,31,0
3,31,32,0
3,31,33,0
3,31,34,0.023289954
3,31,35,0.010873554
3,31,36,0.00559522
3,31,37,0
3,31,38,0
3,31,39,0
3,31,40,0
3,31,41,0
3,31,42,0
3,31,43,0
3,31,44,0
3,31,45,0
3,31,46,0
3,31,47,0
3,31,48,0
3,32,32,0
3,32,33,0
3,32,34,0
3,32,35,0.009619476
3,32,36,0.010873554
3,32,37,0
3,32,38,0
3,32,39,0.014292201
3,32,40,0.010873554
3,32,41,0
3,32,42,0
3,32,43,0
3,32,44,0
3,32,45,0
3,32,46,0
3,32,47,0
3,32,48,0
3,33,33,0
3,33,34,0.00559522
3,33,35,0
3,33,36,0
3,33,37,0
3,33,38,0.009619476
3,33,39,0
3,33,40,0
3,33,41,0
3,33,42,0
3,33,43,0
3,33,44,0
3,33,45,0
3,33,46,0
3,33,47,0
3,33,48,0
3,34,34,0
3,34,35,0.006470391
3,34,36,0.012099514
3,34,37,0.007016524
3,34,38,0
3,34,39,0
3,34,40,0
3,34,41,0
3,34,42,0.00364636
3,34,43,0
3,34,44,0
3,34,45,0
3,34,46,0
3,34,47,0
3,34,48,0
3,35,35,0
3,35,36,0
3,35,37,0.051250679
3,35,38,0
3,35,39,0
3,35,40,0
3,35,41,0
3,35,42,0
3,35,43,0
3,35,44,0
3,35,45,0
3,35,46,0
3,35,47,0
3,35,48,0
3,36,36,0.010873554
3,36,37,0
3,36,38,0.00559522
3,36,39,0
3,36,40,0
3,36,41,0
3,36,42,0
3,36,43,0
3,36,44,0
3,36,45,0
3,36,46,0
3,36,47,0
3,36,48,0
3,37,37,0.007262471
3,37,38,0.013820871
3,37,39,0
3,37,40,0
3,37,41,0
3,37,42,0
3,37,43,0
3,37,44,0
3,37,45,0
3,37,46,0
3,37,47,0
3,37,48,0
3,38,38,0
3,38,39,0
3,38,40,0
3,38,41,0
3,38,42,0
3,38,43,0
3,38,44,0
3,38,45,0
3,38,46,0
3,38,47,0
3,38,48,0
3,39,39,0
3,39,40,0
3,39,41,0
3,39,42,0
3,39,43,0
3,39,44,0
3,39,45,0
3,39,46,0
3,39,47,0
3,39,48,0
3,40,40,0
3,40,41,0
3,40,42,0
3,40,43,0
3,40,44,0
3,40,45,0
3,40,46,0
3,40,47,0
3,40,48,0
3,41,41,0
3,41,42,0
3,41,43,0
3,41,44,0
3,41,45,0
3,41,46,0
3,41,47,0
3,41,48,0
3,42,42,0
3,42,43,0
3,42,44,0
3,42,45,0
3,42,46,0
3,42,47,0
3,42,48,0
3,43,43,0
3,43,44,0
3,43,45,0
3,43,46,0
3,43,47,0
3,43,48,0
3,44,44,0
3,44,45,0
3,44,46,0
3,44,47,0
3,44,48,0
3,45,45,0
3,45,46,0
3,45,47,0
3,45,48,0
3,46,46,0
3,46,47,0
3,46,48,0
3,47,47,0
3,47,48,0
3,48,48,0
4,1,1,0
4,1,2,0
4,1,3,0
4,1,4,0
4,1,5,0
4,1,6,0
4,1,7,0
4,1,8,0
4,1,9,0
4,1,10,0
4,1,11,0
4,1,12,0
4,1,13,0
4,1,14,0
4,1,15,0
4,1,16,0
4,1,17,0
4,1,18,0
4,1,19,0
4,1,20,0
4,1,21,0
4,1,22,0
4,1,23,0
4,1,24,0
4,1,25,0
4,1,26,0
4,1,27,0
4,1,28,0
4,1,29,0
4,1,30,0
4,1,31,0
4,1,32,0
4,1,33,0
4,1,34,0
4,1,35,0
4,1,36,0
4,1,37,0
4,1,38,0
4,1,39,0
4,1,40,0
4,1,41,0
4,1,42,0
4,1,43,0
4,1,44,0
4,1,45,0
4,1,46,0
4,1,47,0
4,1,48,0
4,2,2,0
4,2,3,0
4,2,4,0
4,2,5,0
4,2,6,0
4,2,7,0
4,2,8,0
4,2,9,0
4,2,10,0
4,2,11,0
4,2,12,0
4,2,13,0
4,2,14,0
4,2,15,0
4,2,16,0
4,2,17,0
4,2,18,0
4,2,19,0
4,2,20,0
4,2,21,0
4,2,22,0
4,2,23,0
4,2,24,0
4,2,25,0
4,2,26,0
4,2,27,0
4,2,28,0
4,2,29,0
4,2,30,0
4,2,31,0
4,2,32,0
4,2,33,0
4,2,34,0
4,2,35,0
4,2,36,0
4,2,37,0
4,2,38,0
4,2,39,0
4,2,40,0
4,2,41,0
4,2,42,0
4,2,43,0
4,2,44,0
4,2,45,0
4,2,46,0
4,2,47,0
4,2,48,0
4,3,3,0
4,3,4,0
4,3,5,0
4,3,6,0
4,3,7,0
4,3,8,0
4,3,9,0
4,3,10,0
4,3,11,0
4,3,12,0
4,3,13,0
4,3,14,0
4,3,15,0
4,3,16,0
4,3,17,0
4,3,18,0
4,3,19,0
4,3,20,0
4,3,21,0
4,3,22,0
4,3,23,0
4,3,24,0
4,3,25,0
4,3,26,0
4,3,27,0
4,3,28,0
4,3,29,0
4,3,30,0
4,3,31,0
4,3,32,0
4,3,33,0
4,3,34,0
4,3,35,0
4,3,36,0
4,3,37,0
4,3,38,0
4,3,39,0
4,3,40,0
4,3,41,0
4,3,42,0
4,3,43,0
4,3,44,0
4,3,45,0
4,3,46,0
4,3,47,0
4,3,48,0
4,4,4,0
4,4,5,0
4,4,6,0
4,4,7,0
4,4,8,0
4,4,9,0
4,4,10,0
4,4,11,0
4,4,12,0
4,4,13,0
4,4,14,0
4,4,15,0
4,4,16,0
4,4,17,0
4,4,18,0
4,4,19,0
4,4,20,0
4,4,21,0
4,4,22,0
4,4,23,0
4,4,24,0
4,4,25,0
4,4,26,0
4,4,27,0
4,4,28,0
4,4,29,0
4,4,30,0
4,4,31,0
4,4,32,0
4,4,33,0
4,4,34,0
4,4,35,0
4,4,36,0
4,4,37,0
4,4,38,0
4,4,39,0
4,4,40,0
4,4,41,0
4,4,42,0
4,4,43,0
4,4,44,0
4,4,45,0
4,4,46,0
4,4,47,0
4,4,48,0
4,5,5,0
4,5,6,0
4,5,7,0
4,5,8,0
4,5,9,0
4,5,10,0
4,5,11,0
4,5,12,0
4,5,13,0
4,5,14,0
4,5,15,0
4,5,16,0
4,5,17,0
4,5,18,0
4,5,19,0
4,5,20,0
4,5,21,0
4,5,22,0
4,5,23,0
4,5,24,0
4,5,25,0
4,5,26,0
4,5,27,0
4,5,28,0
4,5,29,0
4,5,30,0
4,5,31,0
4,5,32,0
4,5,33,0
4,5,34,0
4,5,35,0
4,5,36,0
4,5,37,0
4,5,38,0
4,5,39,0
4,5,40,0
4,5,41,0
4,5,42,0
4,5,43,0
4,5,44,0
4,5,45,0
4,5,46,0
4,5,47,0
4,5,48,0
4,6,6,0
4,6,7,0
4,6,8,0
4,6,9,0.002180411
4,6,10,0
4,6,11,0.001240262
4,6,12,0
4,6,13,0
4,6,14,0
4,6,15,0
4,6,16,0
4,6,17,0
4,6,18,0
4,6,19,0
4,6,20,0
4,6,21,0
4,6,22,0
4,6,23,0.002180411
4,6,24,0
4,6,25,0
4,6,26,0
4,6,27,0
4,6,28,0
4,6,29,0
4,6,30,0
4,6,31,0
4,6,32,0
4,6,33,0
4,6,34,0
4,6,35,0
4,6,36,0
4,6,37,0
4,6,38,0
4,6,39,0
4,6,40,0
4,6,41,0
4,6,42,0
4,6,43,0
4,6,44,0
4,6,45,0
4,6,46,0
4,6,47,0
4,6,48,0
4,7,7,0
4,7,8,0
4,7,9,0
4,7,10,0.007231867
4,7,11,0
4,7,12,0
4,7,13,0
4,7,14,0
4,7,15,0
4,7,16,0
4,7,17,0
4,7,18,0
4,7,19,0
4,7,20,0
4,7,21,0
4,7,22,0
4,7,23,0
4,7,24,0
4,7,25,0
4,7,26,0
4,7,27,0
4,7,28,0
4,7,29,0
4,7,30,0
4,7,31,0
4,7,32,0
4,7,33,0
4,7,34,0
4,7,35,0
4,7,36,0
4,7,37,0
4,7,38,0
4,7,39,0
4,7,40,0
4,7,41,0
4,7,42,0
4,7,43,0
4,7,44,0
4,7,45,0
4,7,46,0
4,7,47,0
4,7,48,0
4,8,8,0
4,8,9,0
4,8,10,0
4,8,11,0.00616882
4,8,12,0
4,8,13,0
4,8,14,0
4,8,15,0
4,8,16,0
4,8,17,0
4,8,18,0.008457297
4,8,19,0
4,8,20,0
4,8,21,0
4,8,22,0
4,8,23,0
4,8,24,0
4,8,25,0
4,8,26,0
4,8,27,0
4,8,28,0
4,8,29,0
4,8,30,0
4,8,31,0
4,8,32,0
4,8,33,0
4,8,34,0
4,8,35,0
4,8,36,0
4,8,37,0
4,8,38,0
4,8,39,0
4,8,40,0
4,8,41,0
4,8,42,0
4,8,43,0
4,8,44,0
4,8,45,0
4,8,46,0
4,8,47,0
4,8,48,0
4,9,9,0
4,9,10,0
4,9,11,0.012565485
4,9,12,0
4,9,13,0
4,9,14,0
4,9,15,0
4,9,16,0
4,9,17,0
4,9,18,0
4,9,19,0
4,9,20,0
4,9,21,0
4,9,22,0
4,9,23,0
4,9,24,0
4,9,25,0
4,9,26,0
4,9,27,0
4,9,28,0
4,9,29,0
4,9,30,0
4,9,31,0
4,9,32,0
4,9,33,0
4,9,34,0
4,9,35,0
4,9,36,0.004919231
4,9,37,0
4,9,38,0
4,9,39,0
4,9,40,0
4,9,41,0
4,9,42,0
4,9,43,0
4,9,44,0
4,9,45,0
4,9,46,0
4,9,47,0
4,9,48,0
4,10,10,0
4,10,11,0.014463734
4,10,12,0
4,10,13,0
4,10,14,0
4,10,15,0
4,10,16,0
4,10,17,0
4,10,18,0
4,10,19,0
4,10,20,0
4,10,21,0
4,10,22,0
4,10,23,0
4,10,24,0
4,10,25,0
4,10,26,0
4,10,27,0
4,10,28,0
4,10,29,0
4,10,30,0
4,10,31,0
4,10,32,0
4,10,33,0
4,10,34,0
4,10,35,0
4,10,36,0
4,10,37,0
4,10,38,0
4,10,39,0
4,10,40,0
4,10,41,0
4,10,42,0
4,10,43,0
4,10,44,0
4,10,45,0
4,10,46,0
4,10,47,0
4,10,48,0
4,11,11,0
4,11,12,0.001240262
4,11,13,0
4,11,14,0
4,11,15,0
4,11,16,0
4,11,17,0
4,11,18,0
4,11,19,0
4,11,20,0
4,11,21,0
4,11,22,0
4,11,23,0.002180411
4,11,24,0
4,11,25,0
4,11,26,0
4,11,27,0
4,11,28,0
4,11,29,0
4,11,30,0
4,11,31,0
4,11,32,0.004919231
4,11,33,0
4,11,34,0
4,11,35,0
4,11,36,0
4,11,37,0
4,11,38,0.024728684
4,11,39,0.007231867
4,11,40,0
4,11,41,0.005688669
4,11,42,0
4,11,43,0
4,11,44,0
4,11,45,0
4,11,46,0
4,11,47,0
4,11,48,0
4,12,12,0.004919231
4,12,13,0
4,12,14,0.004919231
4,12,15,0
4,12,16,0
4,12,17,0
4,12,18,0
4,12,19,0.008457297
4,12,20,0.004919231
4,12,21,0
4,12,22,0
4,12,23,0
4,12,24,0
4,12,25,0
4,12,26,0
4,12,27,0
4,12,28,0
4,12,29,0
4,12,30,0
4,12,31,0
4,12,32,0
4,12,33,0
4,12,34,0
4,12,35,0
4,12,36,0
4,12,37,0
4,12,38,0
4,12,39,0
4,12,40,0
4,12,41,0
4,12,42,0
4,12,43,0
4,12,44,0
4,12,45,0
4,12,46,0
4,12,47,0
4,12,48,0
4,13,13,0
4,13,14,0
4,13,15,0
4,13,16,0
4,13,17,0.008457297
4,13,18,0
4,13,19,0.004919231
4,13,20,0
4,13,21,0
4,13,22,0
4,13,23,0
4,13,24,0
4,13,25,0
4,13,26,0
4,13,27,0.013424015
4,13,28,0
4,13,29,0
4,13,30,0
4,13,31,0
4,13,32,0.002180411
4,13,33,0
4,13,34,0
4,13,35,0
4,13,36,0
4,13,37,0
4,13,38,0
4,13,39,0
4,13,40,0
4,13,41,0
4,13,42,0
4,13,43,0
4,13,44,0
4,13,45,0
4,13,46,0
4,13,47,0
4,13,48,0
4,14,14,0
4,14,15,0.00616882
4,14,16,0
4,14,17,0
4,14,18,0.004919231
4,14,19,0
4,14,20,0
4,14,21,0
4,14,22,0
4,14,23,0
4,14,24,0
4,14,25,0
4,14,26,0
4,14,27,0
4,14,28,0
4,14,29,0
4,14,30,0
4,14,31,0
4,14,32,0
4,14,33,0
4,14,34,0
4,14,35,0
4,14,36,0
4,14,37,0.004919231
4,14,38,0
4,14,39,0
4,14,40,0
4,14,41,0.008457297
4,14,42,0
4,14,43,0
4,14,44,0
4,14,45,0
4,14,46,0
4,14,47,0
4,14,48,0
4,15,15,0
4,15,16,0
4,15,17,0.002180411
4,15,18,0
4,15,19,0.00616882
4,15,20,0
4,15,21,0.007231867
4,15,22,0
4,15,23,0
4,15,24,0
4,15,25,0
4,15,26,0.004919231
4,15,27,0
4,15,28,0
4,15,29,0.002180411
4,15,30,0
4,15,31,0
4,15,32,0
4,15,33,0
4,15,34,0
4,15,35,0
4,15,36,0
4,15,37,0
4,15,38,0
4,15,39,0
4,15,40,0
4,15,41,0
4,15,42,0
4,15,43,0
4,15,44,0
4,15,45,0
4,15,46,0
4,15,47,0
4,15,48,0
4,16,16,0
4,16,17,0.012565485
4,16,18,0
4,16,19,0
4,16,20,0
4,16,21,0
4,16,22,0
4,16,23,0
4,16,24,0
4,16,25,0
4,16,26,0
4,16,27,0
4,16,28,0
4,16,29,0
4,16,30,0
4,16,31,0
4,16,32,0
4,16,33,0.008457297
4,16,34,0
4,16,35,0
4,16,36,0
4,16,37,0
4,16,38,0
4,16,39,0
4,16,40,0
4,16,41,0
4,16,42,0
4,16,43,0
4,16,44,0
4,16,45,0
4,16,46,0
4,16,47,0
4,16,48,0
4,17,17,0
4,17,18,0
4,17,19,0
4,17,20,0
4,17,21,0
4,17,22,0
4,17,23,0
4,17,24,0
4,17,25,0
4,17,26,0
4,17,27,0.012552957
4,17,28,0
4,17,29,0.005688669
4,17,30,0
4,17,31,0
4,17,32,0
4,17,33,0
4,17,34,0
4,17,35,0
4,17,36,0
4,17,37,0
4,17,38,0
4,17,39,0
4,17,40,0
4,17,41,0
4,17,42,0
4,17,43,0
4,17,44,0
4,17,45,0
4,17,46,0
4,17,47,0
4,17,48,0
4,18,18,0
4,18,19,0.00616882
4,18,20,0
4,18,21,0
4,18,22,0.002180411
4,18,23,0
4,18,24,0
4,18,25,0
4,18,26,0
4,18,27,0
4,18,28,0
4,18,29,0
4,18,30,0
4,18,31,0
4,18,32,0
4,18,33,0
4,18,34,0
4,18,35,0
4,18,36,0.004919231
4,18,37,0
4,18,38,0.00616882
4,18,39,0
4,18,40,0
4,18,41,0
4,18,42,0
4,18,43,0
4,18,44,0
4,18,45,0
4,18,46,0
4,18,47,0
4,18,48,0
4,19,19,0
4,19,20,0.012151099
4,19,21,0.004919231
4,19,22,0.012565485
4,19,23,0
4,19,24,0
4,19,25,0
4,19,26,0
4,19,27,0
4,19,28,0
4,19,29,0.008457297
4,19,30,0
4,19,31,0
4,19,32,0
4,19,33,0
4,19,34,0
4,19,35,0
4,19,36,0
4,19,37,0
4,19,38,0
4,19,39,0
4,19,40,0
4,19,41,0
4,19,42,0
4,19,43,0
4,19,44,0
4,19,45,0
4,19,46,0
4,19,47,0
4,19,48,0
4,20,20,0
4,20,21,0
4,20,22,0
4,20,23,0
4,20,24,0
4,20,25,0.006159494
4,20,26,0
4,20,27,0.005688669
4,20,28,0
4,20,29,0
4,20,30,0
4,20,31,0
4,20,32,0
4,20,33,0
4,20,34,0
4,20,35,0
4,20,36,0
4,20,37,0
4,20,38,0
4,20,39,0
4,20,40,0
4,20,41,0
4,20,42,0
4,20,43,0
4,20,44,0
4,20,45,0
4,20,46,0
4,20,47,0
4,20,48,0
4,21,21,0
4,21,22,0.002180411
4,21,23,0.00616882
4,21,24,0
4,21,25,0.008457297
4,21,26,0
4,21,27,0
4,21,28,0
4,21,29,0
4,21,30,0
4,21,31,0
4,21,32,0
4,21,33,0
4,21,34,0
4,21,35,0
4,21,36,0
4,21,37,0
4,21,38,0
4,21,39,0
4,21,40,0
4,21,41,0
4,21,42,0
4,21,43,0
4,21,44,0
4,21,45,0
4,21,46,0
4,21,47,0
4,21,48,0
4,22,22,0
4,22,23,0.002014101
4,22,24,0.00616882
4,22,25,0
4,22,26,0
4,22,27,0
4,22,28,0
4,22,29,0
4,22,30,0
4,22,31,0
4,22,32,0
4,22,33,0
4,22,34,0
4,22,35,0
4,22,36,0
4,22,37,0
4,22,38,0
4,22,39,0
4,22,40,0
4,22,41,0
4,22,42,0
4,22,43,0
4,22,44,0
4,22,45,0
4,22,46,0
4,22,47,0
4,22,48,0
4,23,23,0
4,23,24,0.002180411
4,23,25,0
4,23,26,0
4,23,27,0
4,23,28,0
4,23,29,0
4,23,30,0
4,23,31,0
4,23,32,0
4,23,33,0
4,23,34,0
4,23,35,0
4,23,36,0
4,23,37,0
4,23,38,0
4,23,39,0
4,23,40,0
4,23,41,0
4,23,42,0
4,23,43,0
4,23,44,0
4,23,45,0
4,23,46,0
4,23,47,0
4,23,48,0
4,24,24,0
4,24,25,0
4,24,26,0.007231867
4,24,27,0
4,24,28,0
4,24,29,0
4,24,30,0
4,24,31,0
4,24,32,0
4,24,33,0
4,24,34,0
4,24,35,0
4,24,36,0
4,24,37,0
4,24,38,0
4,24,39,0
4,24,40,0
4,24,41,0
4,24,42,0
4,24,43,0
4,24,44,0
4,24,45,0
4,24,46,0
4,24,47,0
4,24,48,0
4,25,25,0
4,25,26,0.009559862
4,25,27,0
4,25,28,0
4,25,29,0.014479094
4,25,30,0
4,25,31,0.012565485
4,25,32,0
4,25,33,0
4,25,34,0
4,25,35,0
4,25,36,0
4,25,37,0
4,25,38,0.004919231
4,25,39,0
4,25,40,0
4,25,41,0.013424015
4,25,42,0
4,25,43,0
4,25,44,0
4,25,45,0
4,25,46,0
4,25,47,0
4,25,48,0
4,26,26,0
4,26,27,0
4,26,28,0
4,26,29,0.013400687
4,26,30,0
4,26,31,0
4,26,32,0
4,26,33,0.005688669
4,26,34,0
4,26,35,0
4,26,36,0
4,26,37,0
4,26,38,0
4,26,39,0
4,26,40,0.024728684
4,26,41,0
4,26,42,0
4,26,43,0
4,26,44,0
4,26,45,0
4,26,46,0
4,26,47,0
4,26,48,0
4,27,27,0
4,27,28,0.008349232
4,27,29,0
4,27,30,0
4,27,31,0
4,27,32,0
4,27,33,0
4,27,34,0
4,27,35,0
4,27,36,0
4,27,37,0
4,27,38,0
4,27,39,0
4,27,40,0
4,27,41,0
4,27,42,0
4,27,43,0
4,27,44,0
4,27,45,0
4,27,46,0
4,27,47,0
4,27,48,0
4,28,28,0
4,28,29,0.019149356
4,28,30,0
4,28,31,0.004919231
4,28,32,0
4,28,33,0
4,28,34,0
4,28,35,0
4,28,36,0
4,28,37,0
4,28,38,0
4,28,39,0
4,28,40,0.004919231
4,28,41,0
4,28,42,0
4,28,43,0
4,28,44,0
4,28,45,0
4,28,46,0
4,28,47,0
4,28,48,0
4,29,29,0
4,29,30,0.02514096
4,29,31,0.004919231
4,29,32,0
4,29,33,0.011740274
4,29,34,0.010471397
4,29,35,0.009559862
4,29,36,0
4,29,37,0
4,29,38,0.00616882
4,29,39,0
4,29,40,0
4,29,41,0
4,29,42,0
4,29,43,0
4,29,44,0
4,29,45,0
4,29,46,0
4,29,47,0
4,29,48,0
4,30,30,0
4,30,31,0.002180411
4,30,32,0.019662203
4,30,33,0.001240262
4,30,34,0
4,30,35,0.008349232
4,30,36,0.014145966
4,30,37,0.01433151
4,30,38,0.014664277
4,30,39,0
4,30,40,0
4,30,41,0
4,30,42,0.004919231
4,30,43,0
4,30,44,0
4,30,45,0
4,30,46,0
4,30,47,0
4,30,48,0
4,31,31,0
4,31,32,0.003205824
4,31,33,0.026483606
4,31,34,0.011088052
4,31,35,0
4,31,36,0
4,31,37,0
4,31,38,0.002014101
4,31,39,0
4,31,40,0
4,31,41,0.009559862
4,31,42,0.008457297
4,31,43,0
4,31,44,0
4,31,45,0
4,31,46,0
4,31,47,0
4,31,48,0
4,32,32,0
4,32,33,0.017473105
4,32,34,0.010637709
4,32,35,0
4,32,36,0.009559862
4,32,37,0
4,32,38,0
4,32,39,0
4,32,40,0
4,32,41,0.004919231
4,32,42,0.004919231
4,32,43,0
4,32,44,0
4,32,45,0
4,32,46,0
4,32,47,0
4,32,48,0
4,33,33,0.009559862
4,33,34,0.007099643
4,33,35,0.024728684
4,33,36,0.00616882
4,33,37,0.021965236
4,33,38,0.004919231
4,33,39,0.008457297
4,33,40,0
4,33,41,0
4,33,42,0
4,33,43,0
4,33,44,0
4,33,45,0
4,33,46,0
4,33,47,0
4,33,48,0
4,34,34,0.002014101
4,34,35,0.00616882
4,34,36,0
4,34,37,0.004919231
4,34,38,0.012552957
4,34,39,0.004919231
4,34,40,0
4,34,41,0
4,34,42,0
4,34,43,0
4,34,44,0
4,34,45,0
4,34,46,0
4,34,47,0
4,34,48,0
4,35,35,0
4,35,36,0.00616882
4,35,37,0.00616882
4,35,38,0.009559862
4,35,39,0
4,35,40,0.00616882
4,35,41,0
4,35,42,0.004919231
4,35,43,0
4,35,44,0
4,35,45,0
4,35,46,0
4,35,47,0
4,35,48,0
4,36,36,0
4,36,37,0
4,36,38,0.013376528
4,36,39,0.018017159
4,36,40,0.00616882
4,36,41,0.00616882
4,36,42,0
4,36,43,0
4,36,44,0
4,36,45,0
4,36,46,0
4,36,47,0
4,36,48,0.009559862
4,37,37,0.009559862
4,37,38,0.001240262
4,37,39,0
4,37,40,0
4,37,41,0
4,37,42,0.013376528
4,37,43,0
4,37,44,0
4,37,45,0
4,37,46,0
4,37,47,0
4,37,48,0
4,38,38,0
4,38,39,0.015728683
4,38,40,0
4,38,41,0
4,38,42,0
4,38,43,0
4,38,44,0
4,38,45,0
4,38,46,0.004919231
4,38,47,0
4,38,48,0
4,39,39,0
4,39,40,0
4,39,41,0
4,39,42,0
4,39,43,0
4,39,44,0
4,39,45,0
4,39,46,0
4,39,47,0
4,39,48,0
4,40,40,0
4,40,41,0
4,40,42,0
4,40,43,0
4,40,44,0
4,40,45,0
4,40,46,0
4,40,47,0.015728683
4,40,48,0
4,41,41,0
4,41,42,0
4,41,43,0
4,41,44,0
4,41,45,0
4,41,46,0
4,41,47,0
4,41,48,0
4,42,42,0
4,42,43,0
4,42,44,0
4,42,45,0
4,42,46,0
4,42,47,0
4,42,48,0
4,43,43,0
4,43,44,0
4,43,45,0
4,43,46,0
4,43,47,0
4,43,48,0
4,44,44,0
4,44,45,0
4,44,46,0
4,44,47,0
4,44,48,0
4,45,45,0
4,45,46,0
4,45,47,0
4,45,48,0
4,46,46,0
4,46,47,0
4,46,48,0
4,47,47,0
4,47,48,0
4,48,48,0
