"SWIMZONE","LOCALZONE","LOCALPCT","SWIMPCT","LOCALPOP","LOCALEMP","County","AtrFac","ProFac"
2339,1290,100,34.91154843009,177,249,"Marion",0.349188734909274,0.141029198130303
2339,1291,100,9.518196279261,120,32,"Marion",0.0951862625530466,0.0956130156815616
2339,1292,46.395761708843,17.381054075172,251.465028461929,42.2201431550471,"Marion",0.173769410243769,0.200361080914123
2339,1293,30.338953376414,38.189201215477,706.594224136682,15.7762557557353,"Marion",0.38185559229391,0.562996705274012
2340,1292,53.604238291157,15.273105371258,290.534971538071,48.7798568449529,"Marion",0.186319915150191,0.151878709224394
2340,1293,69.661046623586,66.689950121477,1622.40577586332,36.2237442442647,"Marion",0.813680084849809,0.848121290775606
2360,105,100,40.153301886792,128,4,"Benton",0.403560830860534,0.401253918495298
2360,273,100,59.257075471698,191,5,"Benton",0.596439169139466,0.598746081504702
2362,272,100,19.253438113949,74,12,"Benton",0.192534381139489,0.164810690423163
2362,274,100,14.734774066798,71,2,"Benton",0.147347740667976,0.158129175946548
2362,406,100,16.413257025711,80,2,"Benton",0.165029469548134,0.178173719376392
2362,407,100,40.757666353463,191,8,"Benton",0.406679764243615,0.425389755011136
2362,452,100,8.840864440079,33,6,"Benton",0.0884086444007859,0.0734966592427617
2363,100,100,9.265017349376,152,3,"Benton",0.102998696219035,0.141263940520446
2363,101,100,72.964264792033,874,186,"Benton",0.8122555410691,0.812267657992565
2363,102,100,0.673696543644,12,0,"Benton",0.00782268578878748,0.0111524163568773
2363,103,100,1.99179847686,34,0,"Benton",0.0221642764015645,0.0315985130111524
2363,104,100,4.335090802578,2,36,"Benton",0.0482398956975228,0.00185873605947955
2363,275,100,0.468658465144,0,4,"Benton",0.00521512385919166,0
2363,276,100,0.117164616286,2,0,"Benton",0.00130378096479791,0.00185873605947955
2366,269,100,4.285731167533,52,6,"Benton",0.0477583679292241,0.0474047841436717
2366,270,100,13.861661744991,183,12,"Benton",0.154468471271084,0.166828374967152
2366,271,100,0.535716395942,8,0,"Benton",0.00596979599115301,0.00729304371441104
2366,336,100,24.724799773809,317,26,"Benton",0.275356840091932,0.288986857183537
2366,337,79.789473684211,28.19951584193,367.031578947371,27.1284210526317,"Benton",0.314375740889899,0.33459716872906
2366,338,100,17.879534714554,167,50,"Benton",0.199241941204732,0.15224228753833
2366,410,1.108442521943,0.254071378958,2.90411940749066,0.4433770087772,"Benton",0.00282884262197531,0.00264748372383736
2367,337,19.452631578947,9.624946921249,89.4821052631562,6.61389473684198,"Benton",0.232945030203651,0.256706128597024
2367,410,98.891557478057,31.734065490941,259.095880592509,39.5566229912228,"Benton",0.767054969796349,0.743293871402976
2370,106,0.765707742951,0.257513253249,2.17460998998084,0.0765707742951,"Benton",0.00257706555523709,0.00262470539407325
2370,277,100,38.869098578727,323,14,"Benton",0.388593883367596,0.389853742138437
2370,278,100,49.707277874818,423,13,"Benton",0.497090181287894,0.510551495122473
2370,279,2.206907522783,0.770757526067,6.64279164357683,0.15448352659481,"Benton",0.00769632737382033,0.00801770024920856
2370,450,12.659328429582,3.099785702661,25.6984367120515,1.13933955866238,"Benton",0.0309736070813742,0.0310174356634707
2370,451,100,7.295567064478,48,9,"Benton",0.073068935334078,0.0579349214323374
2371,106,99.234292257049,22.825307758333,281.825390010019,9.9234292257049,"Benton",0.228410949783959,0.231860370142104
2371,107,91.208791208791,6.284490158024,72.0549450549449,5.47252747252746,"Benton",0.0628433968611882,0.0592802736134404
2371,108,4.601226993865,1.135751233378,3.9570552147239,5.521472392638,"Benton",0.0113572403966002,0.00325550613706596
2371,279,97.793092477217,23.359316846711,294.357208356423,6.84551647340519,"Benton",0.233238528682051,0.242170413677385
2371,280,100,12.233192994875,152,5,"Benton",0.122658196283283,0.125051814034026
2371,281,100,13.124236474588,161,6,"Benton",0.13098683924079,0.132456197759725
2371,282,100,4.744916263889,61,1,"Benton",0.0477004096657212,0.0501852674741815
2371,290,100,1.665768475621,12,5,"Benton",0.0166572859150138,0.00987251163426522
2371,450,87.340671570418,14.627019794581,177.301563287949,7.86066044133762,"Benton",0.146147153171394,0.145867645527807
2372,130,93.248800548321,6.075210967755,329.168265935573,29.8396161754627,"Benton",0.0607716642021808,0.413306968213684
2372,131,98.014705882353,83.333764851339,1.96029411764706,2665.01985294118,"Benton",0.83332029897048,0.00246136490791127
2372,132,100,9.502424799252,414,97,"Benton",0.0950222696500471,0.519822542291959
2372,133,16.388842861088,1.088599381654,51.2970781552054,9.17775200220928,"Benton",0.0108857671772925,0.064409124586445
2373,107,2.197802197802,0.258508039316,1.73626373626358,0.13186813186812,"Benton",0.00258596044732297,0.00456784444228526
2373,108,35.276073619632,14.864212260667,30.3374233128835,42.3312883435584,"Benton",0.148692725721085,0.0798131226142093
2373,109,99.65483234714,60.2820862451,279.033530571992,93.6755424063116,"Benton",0.60302608431233,0.734094559031333
2373,123,100,6.370376683143,41,4,"Benton",0.0633560309594185,0.107864731735239
2373,124,4.127048351204,0.627805238339,4.127048351204,0.37143435160836,"Benton",0.00629670644223835,0.0108576332502678
2373,130,6.751199451679,3.637577410374,23.8317340644269,2.16038382453728,"Benton",0.0364006279621567,0.0626976488206091
2373,131,1.985294117647,13.959434123061,0.03970588235294,53.9801470588219,"Benton",0.139641864155449,0.000104460106056362
2374,237,88.448742348279,16.784787273624,178.666459543524,18.5742358931386,"Benton",0.175757067556813,0.161663472624333
2374,324,27.272727272727,0.466948781556,4.36363636363632,0.81818181818181,"Benton",0.00488632736781939,0.00394836618813401
2374,409,9.661638809621,0.233474390778,0.48308194048105,1.25601304525073,"Benton",0.00243917972356094,0.000437108924975609
2374,454,100,57.531391545692,671,34,"Benton",0.601832654136428,0.60714355905453
2374,455,100,11.437549917048,143,2,"Benton",0.119715020511576,0.12939125029031
2374,456,94.440364086676,9.116246368545,107.662015058811,4.7220182043338,"Benton",0.0953697507038019,0.0974162429177179
2375,231,100,6.036279694741,167,26,"Benton",0.0563259448911051,0.061824638856466
2375,233,100,5.553928577581,2,100,"Benton",0.0519536112694212,0.000740414836604383
2375,237,11.551257651721,0.776355607619,23.3335404564764,2.42576410686141,"Benton",0.00724908961036373,0.00863824977224188
2375,352,100,0.49613257765,18,0,"Benton",0.00462952971707713,0.00666373352943945
2375,355,100,10.423323905869,302,38,"Benton",0.0972201240586198,0.111802640327262
2375,356,100,37.012463101659,1307,18,"Benton",0.345414356113033,0.483861095720964
2375,357,100,1.681338179814,37,12,"Benton",0.0156889618189836,0.0136976744771811
2375,358,100,3.031921307861,94,8,"Benton",0.0282915704932492,0.034799497320406
2375,359,100,1.275873105389,6,20,"Benton",0.011831020388086,0.00222124450981315
2375,360,100,0.942942033545,34,0,"Benton",0.00874466724336792,0.0125870522222745
2375,361,100,10.26969264118,355,9,"Benton",0.095934143581654,0.131423633497278
2375,362,100,4.504033004395,149,7,"Benton",0.0419229635490874,0.0551609053270266
2375,376,100,1.764026942755,0,32,"Benton",0.0164605501051631,0
2375,377,100,8.379127978087,0,282,"Benton",0.14505859780175,0
2375,378,100,1.040040884999,28,5,"Benton",0.00977345162494062,0.0103658077124614
2375,408,100,5.621440289097,160,22,"Benton",0.0524680034602075,0.0592331869283507
2375,409,90.338361190379,0.773157378391,4.51691805951895,11.7439869547493,"Benton",0.00720274886633896,0.00167219657349706
2375,444,100,0.227853480106,8,0,"Benton",0.00205756876314539,0.00296165934641753
2375,456,5.559635913324,0.190069309262,6.33798494118936,0.2779817956662,"Benton",0.0017730966444061,0.00234636904231588
2376,155,100,18.457819676094,162,2,"Benton",0.184577759986246,0.199152287401227
2376,156,97.552607502287,20.618805897994,181.447849954254,1.95105215004574,"Benton",0.206093249215785,0.22306021211373
2376,157,100,60.923374425912,470,39,"Benton",0.609328990797969,0.577787500485042
2377,461,100,18.421052631579,233,6,"Benton",0.184210526315789,0.193200663349917
2377,462,100,18.571428571429,221,13,"Benton",0.185714285714286,0.183250414593698
2377,463,100,25.714285714286,330,6,"Benton",0.257142857142857,0.27363184079602
2377,464,100,37.293233082706,422,37,"Benton",0.372932330827068,0.349917081260365
2378,146,99.093977067886,20.12423396359,490.515186486036,9.9093977067886,"Benton",0.201077959891068,0.200489127509391
2378,147,26.323323417856,3.455813926751,86.0772675763891,0.78969970253568,"Benton",0.0345378210987916,0.0351825116739254
2378,152,100,46.081580971232,1130,20,"Benton",0.46099460631024,0.461866870440028
2378,154,100,13.041559541324,329,1,"Benton",0.130418132212555,0.134472743694486
2378,292,100,17.296811597103,411,14,"Benton",0.172971480487346,0.167988746682169
2379,125,0.816088603906,0.213389915462,1.76275138443696,0.2856310113671,"Benton",0.00213442675397615,0.00169197410831441
2379,126,96.829710144928,16.293844259234,174.29347826087,1.93659420289856,"Benton",0.162931240596853,0.167295317461712
2379,127,0.685738776385,1.463245134599,15.3674059787879,0.3154398371371,"Benton",0.0146302368318591,0.0147503801486846
2379,146,0.906022932114,0.427077665782,4.4848135139643,0.0906022932114,"Benton",0.00426701656357403,0.00430474110713572
2379,147,73.676676582144,22.450976203565,240.922732423611,2.21030029746432,"Benton",0.22436348150165,0.231249300930383
2379,148,100,35.465186205034,376,6,"Benton",0.354821261093987,0.360903001037451
2379,149,100,11.705961076793,122,3,"Benton",0.117054436649563,0.117101505655769
2379,150,100,4.938452329272,44,5,"Benton",0.0493823404615343,0.0422333299086378
2379,289,100,7.041867210258,63,7,"Benton",0.0704155595470027,0.0604704496419133
2380,129,100,36.261987935937,978,87,"Benton",0.362619879359366,0.492698297468888
2380,139,99.767080745342,28.577733831042,861.987577639755,22.9464285714287,"Benton",0.285777338310416,0.434253386444211
2380,140,100,0.251819360666,0,4,"Benton",0.00251819360666226,0
2380,141,100,19.956684332798,2,316,"Benton",0.199566843327984,0.00100756298050897
2380,142,100,14.951774539557,143,166,"Benton",0.149517745395572,0.0720407531063916
2381,107,6.593406593407,0.167014613779,5.20879120879153,0.39560439560442,"Benton",0.00167008518387644,0.00172398686450812
2381,108,60.122699386503,5.455810716771,51.7055214723926,72.1472392638036,"Benton",0.0545561160066269,0.0171133063829656
2381,124,95.872951648796,3.140802598005,95.872951648796,8.62856564839164,"Benton",0.0314894792296855,0.0317316825879249
2381,125,99.183911396094,7.893760148457,214.237248615563,34.7143689886329,"Benton",0.0789577268963911,0.0709074692566301
2381,126,3.170289855072,0.162375318952,5.7065217391296,0.06340579710144,"Benton",0.00162369392876842,0.00188872391423267
2381,127,99.314261223615,64.502435629784,2225.63259402121,45.6845601628629,"Benton",0.644931705691148,0.736631821762711
2381,128,100,18.677800974252,423,124,"Benton",0.186771193063503,0.140003009231027
2382,143,100,35.412942634366,588,408,"Benton",0.354129616435274,0.205411104908815
2382,144,100,13.62036255168,484,28,"Benton",0.136203698628952,0.169079889074603
2382,145,100,20.852499230051,675,76,"Benton",0.208593442159524,0.235803564308588
2382,153,100,29.996854296219,1111,39,"Benton",0.299900366055228,0.388115199921247
2382,156,2.447392497713,0.117341287684,4.55215004574618,0.04894784995426,"Benton",0.00117287672102221,0.00159024178674734
2383,119,48.185852257896,7.13567839196,139.257113025319,0,"Benton",0.0700750356421269,0.0825346131009197
2383,120,100,29.711706681556,419,86,"Benton",0.297394834380683,0.248332039477206
2383,121,100,63.152614926484,1129,64,"Benton",0.63253012997719,0.669133347421874
2384,112,100,56.747500166372,13,2471,"Benton",0.567185805917136,0.0114023660607351
2384,113,100,3.435771957601,0,150,"Benton",0.0343402102472534,0
2384,114,100,11.131901142626,0,486,"Benton",0.111262281201101,0
2384,115,100,9.734687213202,218,316,"Benton",0.097297262367218,0.191208907787712
2384,117,100,16.340464762563,852,290,"Benton",0.16391727024689,0.747293529518949
2384,118,10.606060606061,0.185253109606,16.2272727272733,0,"Benton",0.00185749319064696,0.0142330233695196
2384,119,14.147742103889,0.47748420539,40.8869746802392,0,"Benton",0.0046802243563118,0.0358621732630843
2384,187,100,1.94693744264,0,85,"Benton",0.0194594524734436,0
2385,110,100,2.595066178959,19,12,"Benton",0.0256901425073099,0.0147063953632197
2385,116,100,47.672838085449,633,82,"Benton",0.476163804147116,0.489955171837793
2385,118,89.393939393939,8.155096195939,136.772727272727,0,"Benton",0.0817142059244135,0.105864936956765
2385,119,37.666405638215,6.639504425953,108.855912294441,0,"Benton",0.0650354395257541,0.0842567412540012
2385,285,29.994445473061,2.266687143995,36.5932234771344,0.59988890946122,"Benton",0.02257924625755,0.0283239164247048
2385,286,100,18.967763948018,307,5,"Benton",0.189390120344587,0.237624388237287
2385,288,25.366533748451,13.703044021686,50.733067496902,91.3195214944236,"Benton",0.139427041293269,0.039268449926229
2386,109,0.34516765286,0.082791763153,0.966469428008,0.3244575936884,"Benton",0.000829486964529463,0.00133005228263636
2386,283,100,10.437143934816,66,69,"Benton",0.10475235380628,0.0908289989419856
2386,284,100,46.276089928514,379,262,"Benton",0.463683213171917,0.521578645439584
2386,285,70.005554526939,4.532958545558,85.4067765228656,1.40011109053878,"Benton",0.0452935820413017,0.117536545673239
2386,287,100,4.125789530473,46,9,"Benton",0.0328634835470683,0.0633050598686566
2386,288,74.633466251549,34.545226297486,149.266932503098,268.680478505576,"Benton",0.352577880468903,0.205420697793899
2387,188,100,6.871794871795,46,44,"Benton",0.0687179487179487,0.0790378006872852
2387,189,100,20.666666666667,203,100,"Benton",0.206666666666667,0.348797250859107
2387,190,100,13.897435897436,1,135,"Benton",0.138974358974359,0.00171821305841924
2387,191,100,1.230769230769,0,12,"Benton",0.0123076923076923,0
2387,192,100,1.74358974359,0,17,"Benton",0.0174358974358974,0
2387,195,100,6.358974358974,8,58,"Benton",0.0635897435897436,0.013745704467354
2387,295,100,26.717948717948,125,198,"Benton",0.267179487179487,0.214776632302405
2387,296,100,17.897435897436,197,76,"Benton",0.178974358974359,0.338487972508591
2387,298,100,4.615384615385,2,44,"Benton",0.0461538461538462,0.00343642611683849
2388,193,100,3.451776649746,0,136,"Benton",0.0345177664974619,0
2388,194,100,2.906091370558,7,111,"Benton",0.0290609137055838,0.00935828877005348
2388,216,100,13.743654822335,11,536,"Benton",0.13743654822335,0.0147058823529412
2388,217,100,16.370558375635,56,617,"Benton",0.163705583756345,0.0748663101604278
2388,218,100,6.560913705584,11,253,"Benton",0.0656091370558376,0.0147058823529412
2388,219,100,8.781725888325,10,341,"Benton",0.0878172588832487,0.0133689839572193
2388,220,100,3.591370558376,13,135,"Benton",0.0359137055837563,0.017379679144385
2388,221,100,5.380710659898,24,200,"Benton",0.0538071065989848,0.0320855614973262
2388,222,100,1.497461928934,42,38,"Benton",0.0149746192893401,0.0561497326203209
2388,223,100,1.611675126904,73,27,"Benton",0.0161167512690355,0.0975935828877005
2388,224,100,3.908629441624,26,141,"Benton",0.0390862944162437,0.0347593582887701
2388,225,100,1.116751269036,0,44,"Benton",0.0111675126903553,0
2388,227,100,1.446700507614,72,21,"Benton",0.0144670050761421,0.0962566844919786
2388,228,100,3.718274111675,171,61,"Benton",0.0371827411167513,0.228609625668449
2388,299,100,1.154822335025,35,28,"Benton",0.0115482233502538,0.0467914438502674
2388,300,100,1.535532994924,47,37,"Benton",0.0153553299492386,0.0628342245989305
2388,453,100,0.736040609137,0,29,"Benton",0.00736040609137056,0
2388,469,100,11.345177664975,86,404,"Benton",0.113451776649746,0.114973262032086
2388,470,100,11.142131979695,64,407,"Benton",0.111421319796954,0.0855614973262032
2389,133,83.611157138912,9.061594025287,261.702921844795,46.8222479977907,"Benton",0.0906159402528729,0.104776920417282
2389,134,100,12.59732651414,0,247,"Benton",0.125973265141405,0
2389,135,100,21.165548596633,438,196,"Benton",0.211655485966328,0.175360255129235
2389,136,100,10.761278925035,414,4,"Benton",0.10761278925035,0.165751474026263
2389,137,100,34.935905514924,958,206,"Benton",0.34935905514924,0.38355051236029
2389,138,100,11.42429610999,424,12,"Benton",0.114242961099897,0.169755132819168
2389,139,0.232919254658,0.054050313991,2.01242236024512,0.05357142857134,"Benton",0.000540503139907879,0.000805705247763381
2390,165,100,27.717259743404,505,320,"Benton",0.277172597434035,0.381132075471698
2390,457,100,23.021060275962,73,439,"Benton",0.230210602759622,0.0550943396226415
2390,458,100,25.344952795933,745,151,"Benton",0.253449527959332,0.562264150943396
2390,459,100,15.347373517308,0,317,"Benton",0.153473735173082,0
2390,460,100,8.569353667393,2,176,"Benton",0.0856935366739288,0.00150943396226415
2391,159,100,35.894125242092,280,138,"Benton",0.358941252420917,0.339393939393939
2391,160,100,27.437056165268,405,10,"Benton",0.274370561652679,0.490909090909091
2391,161,100,23.240800516462,48,156,"Benton",0.232408005164622,0.0581818181818182
2391,162,100,13.428018076178,92,58,"Benton",0.134280180761782,0.111515151515152
2392,166,100,32.213562280743,371,19,"Benton",0.32211718537312,0.327452025525469
2392,167,100,28.748044578169,343,11,"Benton",0.287463991836648,0.302738665108452
2392,168,55.334070312818,25.110375317018,279.990395782859,19.3669246094863,"Benton",0.251018476063968,0.247125127295889
2392,169,100,13.92801782407,139,19,"Benton",0.139400346726265,0.122684182070189
2393,158,100,20.700115888004,229,53,"Benton",0.207010454779,0.190672913185628
2393,168,44.665929687182,15.901917243062,226.009604217141,15.6330753905137,"Benton",0.15898140610681,0.188183011545908
2393,170,100,63.397966868933,746,140,"Benton",0.63400813911419,0.621144075268464
2394,178,3.449182441143,0.374282594896,18.4186342357036,0.75882013705146,"Benton",0.00374282594895568,0.0200402610439898
2394,179,100,9.762453323461,68,226,"Benton",0.0976245332346118,0.0739869055192868
2394,180,100,15.338316087053,471,173,"Benton",0.153383160870534,0.512468124993884
2394,181,100,4.543295585149,18,112,"Benton",0.0454329558514924,0.0195847691080465
2394,183,3.909167797758,0.401446120828,20.6013142941847,0.3909167797758,"Benton",0.00401446120828402,0.0224151102096614
2394,184,100,4.562069533848,159,42,"Benton",0.045620695338482,0.172998793787744
2394,185,100,52.585830305798,147,1327,"Benton",0.525858303057976,0.159942281049046
2394,186,100,12.090422962133,4,320,"Benton",0.120904229621327,0.00435217091289922
2394,468,1.892986103512,0.341883486834,13.0616041142328,2.57446110077632,"Benton",0.00341883486833686,0.0142115833754422
2395,173,100,5.337809857766,231,27,"Benton",0.0533781857638452,0.0634806775309999
2395,202,98.666375024928,30.06595235826,1046.85023901449,279.225841320546,"Benton",0.300660014670839,0.287682954312246
2395,203,100,16.294366934233,554,158,"Benton",0.162943935489633,0.152243702823264
2395,204,4.360493347577,0.240268333447,12.4710109740702,0.17441973390308,"Benton",0.00240105388895154,0.00342713517805417
2395,465,100,8.915078920339,470,3,"Benton",0.0891509348196151,0.129159820084718
2395,466,100,6.779954977233,318,22,"Benton",0.067799660514077,0.0873889846530648
2395,467,100,14.908409286954,338,229,"Benton",0.14908433637902,0.0928851472098613
2395,468,96.895842080665,17.458159331768,668.581310356589,131.778345229704,"Benton",0.17458187847402,0.183731578207792
2396,178,96.550817558857,20.904111512443,515.581365764296,21.2411798629485,"Benton",0.209669423729946,0.235073678025114
2396,182,100,15.133148178747,402,1,"Benton",0.151786334280182,0.183287498038277
2396,199,97.380116959064,8.207307955722,211.314853801169,3.89520467836256,"Benton",0.0823197641490876,0.0963466936605488
2396,200,98.28431372549,6.185024306602,121.872549019608,21.6225490196078,"Benton",0.062036144485217,0.0555664542023662
2396,201,100,10.825445108064,261,14,"Benton",0.108579828235081,0.119000092009926
2396,202,1.333624975072,0.812772858367,14.1497609855139,3.77415867945376,"Benton",0.00815215785352459,0.00645142857928974
2396,403,100,26.145884724668,402,148,"Benton",0.262244706256354,0.183287498038277
2396,431,100,11.349861134061,257,19,"Benton",0.11083408072439,0.117176335810541
2396,468,1.211171815823,0.436444221325,8.3570855291787,1.64719366951928,"Benton",0.00437756028621707,0.00381032163565935
2397,183,96.090832202242,29.790220860283,506.398685705815,9.6090832202242,"Benton",0.297902208602829,0.351126559412849
2397,196,100,20.460283354023,301,30,"Benton",0.204602833540229,0.208707284135145
2397,197,100,8.218119352724,129,8,"Benton",0.0821811935272389,0.0894459789150622
2397,198,100,21.650493743038,280,51,"Benton",0.216504937430381,0.194146310823391
2397,199,2.619883040936,0.334094144285,5.68514619883112,0.10479532163744,"Benton",0.00334094144285006,0.00394196486069531
2397,200,1.71568627451,0.163362210257,2.1274509803924,0.3774509803922,"Benton",0.00163362210257005,0.00147513128321711
2397,293,100,7.367969074856,80,25,"Benton",0.073679690748559,0.0554703745209688
2397,294,100,12.015457260534,138,37,"Benton",0.120154572605342,0.0956863960486712
2398,211,100,0.647482014388,7,1,"Benton",0.00641940085592011,0.00676494365924959
2398,212,100,27.05035971223,368,4,"Benton",0.268188302425107,0.355642752371978
2398,213,13.165266106443,3.381294964029,27.7787114845947,9.61064425770339,"Benton",0.0335235378031394,0.0268459168742618
2398,214,100,23.956834532374,295,19,"Benton",0.237517831669044,0.285094054211233
2398,215,100,30.215827338129,142,139,"Benton",0.299572039942939,0.137231714230492
2398,302,0.095510983763,0.071942446043,0.96752626551919,0.01623686723971,"Benton",0.00071326676176791,0.000935037239297354
2398,435,100,14.676258992806,194,11,"Benton",0.154065620542083,0.187485581413489
2399,209,100,4.357180663055,0,113,"Benton",0.0388308512196294,0
2399,210,100,3.492660690226,0,84,"Benton",0.0288654115260962,0
2399,213,19.047619047619,1.175747163047,40.1904761904761,13.9047619047619,"Benton",0.0116836189510389,0.0403263512945643
2399,386,27.905962533326,0.839559116593,47.4401363066542,0.83717887599978,"Benton",0.0084387504934467,0.0476005209069281
2399,387,100,0.172903994566,0,9,"Benton",0.0030927226635103,0
2399,388,100,19.590022584288,909,93,"Benton",0.188140628696877,0.912073127798508
2399,389,100,7.988164548934,0,233,"Benton",0.0800671533997667,0
2399,390,100,10.339658875027,0,247,"Benton",0.0848780553207828,0
2399,391,100,1.486974353265,0,91,"Benton",0.0312708624866042,0
2399,392,100,1.383231956525,0,85,"Benton",0.0292090473775973,0
2399,424,100,15.630521108736,0,370,"Benton",0.127145265055424,0
2399,425,100,10.616305266332,0,253,"Benton",0.0869398704297896,0
2399,426,100,0.345807989131,0,8,"Benton",0.00274908681200916,0
2399,427,100,0.069161597826,0,4,"Benton",0.00137454340600458,0
2399,428,100,1.383231956525,0,86,"Benton",0.0295526832290985,0
2399,429,100,0.449550385871,0,28,"Benton",0.00962180384203206,0
2399,430,100,2.939367907616,0,182,"Benton",0.0625417249732084,0
2399,432,100,0.034580798913,0,2,"Benton",0.00068727170300229,0
2399,433,100,4.945054244578,0,117,"Benton",0.0402053946256339,0
2399,434,100,0.795358375002,0,18,"Benton",0.00618544532702061,0
2399,436,100,7.019902179366,0,169,"Benton",0.0580744589036935,0
2399,437,100,4.945054244578,0,205,"Benton",0.0704453495577347,0
2400,204,95.639506652423,9.061381474223,273.52898902593,3.82558026609692,"Benton",0.0988268351309118,0.21579702822902
2400,205,100,18.968356934515,505,42,"Benton",0.207016768372813,0.398412978616041
2400,206,100,0.032204341145,1,0,"Benton",0.000351471593162671,0.000788936591318893
2400,379,100,0.257634729161,0,9,"Benton",0.00632648867692808,0
2400,380,100,27.888959431731,0,376,"Benton",0.264306638058329,0
2400,393,100,16.939483442368,0,214,"Benton",0.150429841873623,0
2400,399,100,7.020546369651,216,1,"Benton",0.0766208073094623,0.170410303724881
2400,400,100,3.864520937422,0,49,"Benton",0.0344442161299418,0
2400,415,100,0.315602543223,8,1,"Benton",0.00351471593162671,0.00631149273055115
2400,416,100,8.759580791491,264,4,"Benton",0.0956002733402465,0.208279260108188
2400,443,100,6.89172900507,0,89,"Benton",0.0625619435829554,0
2401,230,100,8.067279239994,500,9,"Benton",0.0818713450292398,0.231160425335183
2401,370,100,0.218034574054,0,14,"Benton",0.00442547810968864,0
2401,371,100,1.837719981311,0,127,"Benton",0.0401454085664612,0
2401,372,100,2.491823703473,160,0,"Benton",0.0252884463410779,0.0739713361072584
2401,373,100,0.498364740695,0,12,"Benton",0.00379326695116169,0
2401,394,100,7.94268805482,0,211,"Benton",0.066698277224593,0
2401,395,100,13.876343248715,883,8,"Benton",0.142089457878932,0.408229311141933
2401,396,100,2.74100607382,4,68,"Benton",0.0221273905484432,0.00184928340268146
2401,397,100,14.70175985049,0,392,"Benton",0.123913387071282,0
2401,398,100,4.236100295904,0,159,"Benton",0.0502607871028924,0
2401,417,100,0.934433888802,0,65,"Benton",0.0205468626521258,0
2401,418,100,1.775424388724,0,124,"Benton",0.0391970918286708,0
2401,419,100,0.09344338888,0,3,"Benton",0.000948316737790422,0
2401,420,100,1.059025073976,254,27,"Benton",0.048680259206575,0.117429496070273
2401,421,100,5.575455536521,0,44,"Benton",0.0139086454875929,0
2401,422,100,9.873851425012,0,261,"Benton",0.0825035561877667,0
2401,423,100,9.718112443545,0,260,"Benton",0.0821874506085032,0
2401,438,100,0.809842703629,0,55,"Benton",0.0173858068594911,0
2401,439,100,6.198411462389,362,39,"Benton",0.0695432274379643,0.167360147942672
2401,440,100,5.139386388413,0,139,"Benton",0.0439386755176229,0
2401,441,100,0.155738981467,0,8,"Benton",0.00252884463410779,0
2401,442,100,1.931163370192,0,51,"Benton",0.0161213845424372,0
2401,445,100,0.124591185174,0,6,"Benton",0.00189663347558084,0
2402,213,67.787114845938,6.598601770936,143.030812324929,49.4845938375347,"Benton",0.0649684398658693,0.0609257973708398
2402,229,100,0.190868646267,7,0,"Benton",0.00187925239281441,0.00298173921173729
2402,301,100,6.544067872003,240,0,"Benton",0.0644315106107799,0.102231058688136
2402,302,99.904489016237,28.521229142145,1012.03247373448,16.9837631327603,"Benton",0.280814000411983,0.43108813006937
2402,303,100,0.627139837734,23,0,"Benton",0.00617468643353307,0.00979714312427967
2402,381,100,4.880783954535,177,0,"Benton",0.0475182390754502,0.0753954057825001
2402,382,100,2.072288159468,0,82,"Benton",0.0440281989173662,0
2402,383,100,0.599872888267,2,17,"Benton",0.00966472659161698,0.000851925489067798
2402,384,100,8.61635603147,0,144,"Benton",0.0773178127329359,0
2402,385,100,0.6544067872,0,26,"Benton",0.0139601606323356,0
2402,386,72.094037466674,3.420464989027,122.559863693346,2.16282112400022,"Benton",0.0340642700933918,0.0522059359085181
2402,446,100,0.381737292533,0,15,"Benton",0.00805393882634748,0
2402,447,100,27.021546921478,621,152,"Benton",0.248329780479047,0.264522864355551
2402,448,100,0.1636016968,0,6,"Benton",0.00322157553053899,0
2402,449,100,9.707034010137,0,178,"Benton",0.0955734074059901,0
2403,234,100,0.422509888529,1,2,"Benton",0.00422765956857885,0.00120595255836909
2403,235,100,12.421790722762,67,40,"Benton",0.124293191316218,0.0807988214107287
2403,328,4.761904761905,1.183027687882,5.9047619047622,4.04761904761925,"Benton",0.0118374467920214,0.00712086272560829
2403,333,100,15.582524271845,120,32,"Benton",0.155577872123702,0.14471430700429
2403,334,100,13.858324343761,134,15,"Benton",0.138667233849386,0.161597642821457
2403,335,100,15.041352031643,124,27,"Benton",0.150504680641407,0.149538117237767
2403,347,89.457831325301,18.252427184466,174.442771084337,20.5753012048192,"Benton",0.1822910776748,0.210369706078149
2403,348,69.0042459937,19.350952894642,202.872483221478,13.110806738803,"Benton",0.193706370002962,0.244654590163631
2403,351,100,3.88709097447,0,23,"Benton",0.0388944680309254,0
2404,246,100,0.347356233115,9,0,"Benton",0.0034721677991692,0.00573553280287392
2404,339,100,0.231570822076,6,0,"Benton",0.00231477853277947,0.00382368853524928
2404,340,100,3.002950660475,62,8,"Benton",0.0300921209261331,0.0395114481975759
2404,341,100,0.038595137013,1,0,"Benton",0.000385796422129911,0.000637281422541547
2404,342,100,6.85239114417,144,17,"Benton",0.0686717631391242,0.0917685248459827
2404,343,100,1.402849327941,36,0,"Benton",0.0138886711966768,0.0229421312114957
2404,344,100,8.014364103166,144,32,"Benton",0.0802456558030216,0.0917685248459827
2404,345,100,8.590926634153,27,98,"Benton",0.0860326021349702,0.0172065984086218
2404,346,100,2.585874179853,1,33,"Benton",0.0258483602827041,0.000637281422541547
2404,347,10.542168674699,0.982421669415,20.5572289156631,2.42469879518077,"Benton",0.00980178560441526,0.013100740086886
2404,348,30.9957540063,3.970036139083,91.127516778522,5.889193261197,"Benton",0.03970072930954,0.0580738735252952
2404,349,23.611188428974,1.903441984492,48.4029362793967,0.47222376857948,"Benton",0.0190380441178987,0.0308462920873218
2404,350,46.375421732897,13.632854987544,306.07778343712,23.6514650837775,"Benton",0.136333014958399,0.195057685237171
2404,471,100,13.344282769931,328,9,"Benton",0.133485562056949,0.209028306593627
2404,472,100,8.722500964878,14,106,"Benton",0.08718999140136,0.00892193991558165
2404,473,100,7.024314936318,14,84,"Benton",0.0702149488276439,0.00892193991558165
2404,474,100,19.353268306375,317,92,"Benton",0.193284007487086,0.20201821094567
2405,236,100,2.80513279618,14,42,"Benton",0.0282502024850711,0.00714935752284543
2405,238,100,8.833655621257,231,39,"Benton",0.0890746180396629,0.11796439912695
2405,239,100,1.952508845973,22,23,"Benton",0.0196021813161718,0.0112347046787571
2405,240,100,0.659270841499,19,2,"Benton",0.00663014956282281,0.00970269949529022
2405,241,100,16.22221187548,541,13,"Benton",0.163447600092197,0.276271601418527
2405,242,100,5.724760808531,20,90,"Benton",0.0576534744593288,0.0102133678897792
2405,243,100,2.37577573554,65,9,"Benton",0.0239261919006214,0.0331934456417823
2405,323,100,4.224545034053,140,4,"Benton",0.0426635710999033,0.0714935752284543
2405,324,72.727272727273,0.457980864682,11.6363636363637,2.18181818181819,"Benton",0.00461227795674632,0.00594232313587155
2405,325,100,8.359273282575,262,15,"Benton",0.08417407271062,0.133795119356107
2405,326,100,7.309725493018,245,5,"Benton",0.0735081799356442,0.125113756649795
2405,327,100,4.532102306754,2,78,"Benton",0.0455462448228697,0.00102133678897792
2405,328,95.238095238095,8.014665131944,118.095238095238,80.9523809523808,"Benton",0.0807148642430601,0.0603075056348864
2405,329,100,5.06641331555,177,0,"Benton",0.051023324896506,0.0903883058245458
2405,330,100,7.862004843716,15,130,"Benton",0.0792735273815771,0.00766002591733439
2405,331,100,4.293570606398,18,66,"Benton",0.0432401058444966,0.00919203110080126
2405,332,100,10.476312279612,54,156,"Benton",0.105505858260572,0.0275760933024038
2405,337,0.757894736842,0.114495216171,3.4863157894732,0.25768421052628,"Benton",0.00115355499212923,0.00178035128689179
2406,232,40.431770414385,4.706806968519,111.187368639559,2.02158852071925,"Benton",0.0469935790380967,0.0748406433800362
2406,258,100,2.609858311385,46,9,"Benton",0.0261006232389488,0.0309627760563516
2406,259,17.532467532468,0.400375990951,9.46753246753272,0.17532467532468,"Benton",0.00400407288324794,0.00637263233909681
2406,260,100,28.709782692597,586,59,"Benton",0.287106855628437,0.394438842804826
2406,261,100,2.936090600309,70,1,"Benton",0.0293632011438174,0.0471172679118393
2406,363,100,5.308578402963,80,25,"Benton",0.0530168909541148,0.0538483061849592
2406,364,100,6.715759470109,147,9,"Benton",0.067290669287915,0.0989462626148626
2406,365,100,11.952394095425,275,9,"Benton",0.119491915765813,0.185103552510797
2406,366,100,1.304929155693,32,0,"Benton",0.0130503116194744,0.0215393224739837
2406,367,100,5.31840189017,126,2,"Benton",0.0530168909541148,0.0848110822413108
2406,368,100,29.931812508701,0,367,"Benton",0.299341522771694,0
2406,369,100,0.105209913178,3,0,"Benton",0.00122346671432573,0.00201931148193597
2407,232,59.568229585615,2.568852378803,163.812631360441,2.97841147928075,"Benton",0.0256479423383336,0.0466720686794402
2407,247,100,1.102759079719,47,13,"Benton",0.0110284844715365,0.0133908307907409
2407,248,100,0.422976085372,22,3,"Benton",0.00423010363291812,0.00626804845524043
2407,249,100,1.359565988694,36,27,"Benton",0.0135967616772368,0.0102568065631207
2407,250,100,9.60759965344,0,318,"Benton",0.0960837825191402,0
2407,251,100,2.795782405558,81,52,"Benton",0.027948899003209,0.0230778147670216
2407,252,100,3.617228818974,9,115,"Benton",0.0361069560095511,0.00256420164078018
2407,253,100,11.903755545458,0,394,"Benton",0.119047202240696,0
2407,254,100,12.320733545585,18,399,"Benton",0.123277305873614,0.00512840328156035
2407,255,100,22.317986588595,1439,19,"Benton",0.223137966636431,0.409987351231408
2407,256,100,10.507859666899,532,82,"Benton",0.105148290303965,0.15157280809945
2407,257,100,1.743340520114,93,11,"Benton",0.0173736399209137,0.0264967502880618
2407,259,82.467532467532,0.697635881067,44.5324675324673,0.82467532467532,"Benton",0.00697692417377401,0.0126878029238603
2407,349,76.388811571026,2.410331330344,156.597063720603,1.52777623142052,"Benton",0.0241195397043739,0.0446162719704143
2407,350,53.624578267103,6.170040687194,353.92221656288,27.3485349162225,"Benton",0.0617322117093312,0.10083643649101
2407,353,100,9.078879546726,475,63,"Benton",0.0907961529779926,0.135332864374509
2407,354,100,1.374672277458,39,26,"Benton",0.0137478368069839,0.0111115404433808
2408,262,100,16.851020508435,0,147,"Benton",0.168510205084347,0
2408,311,99.480834424565,26.342699131329,449.653371599034,4.97404172122825,"Benton",0.263426991313285,0.356499229379937
2408,312,98.806228373702,32.733393919615,525.649134948095,22.7254325259515,"Benton",0.327333939196157,0.416751042846242
2408,313,100,24.072886440621,286,67,"Benton",0.24072886440621,0.226749727773821
2409,304,95.959308044048,57.590520523125,1071.86547085202,117.070355813739,"Benton",0.575838898751019,0.832280618675877
2409,475,100,37.427116161178,211,319,"Benton",0.374337603908924,0.163836988237916
2409,476,100,4.982363315697,5,54,"Benton",0.0498234973400571,0.00388239308620654
2410,264,100,25.950920245399,415,4,"Benton",0.259509202453988,0.288595271210014
2410,309,100,35.398773006135,539,19,"Benton",0.35398773006135,0.374826147426982
2410,310,100,38.650306748466,484,73,"Benton",0.386503067484663,0.336578581363004
2411,263,100,9.861680727988,0,190,"Benton",0.0986168072798759,0
2411,307,100,7.733633834053,178,60,"Benton",0.0773363383405343,0.0588099737040244
2411,311,0.519165575435,0.062246538401,2.3466284009662,0.02595827877175,"Benton",0.000622465384014392,0.000775309857044602
2411,312,1.193771626298,0.179067360587,6.35086505190536,0.27456747404854,"Benton",0.00179067360587206,0.00209828206011439
2411,314,100,1.972336145598,12,32,"Benton",0.0197233614559752,0.0039647173283612
2411,315,100,41.938094885336,1500,58,"Benton",0.419380948853367,0.49558966604515
2411,316,100,14.789277118058,554,8,"Benton",0.147925210919814,0.183037783326009
2411,317,100,15.236945519526,569,9,"Benton",0.152337015456019,0.18799367998646
2411,318,100,5.346069026225,184,11,"Benton",0.0534606902622485,0.060792332368205
2411,319,100,2.880648844228,21,45,"Benton",0.0288064884422796,0.00693825532463209
2412,546,100,1.185958254269,13,0,"Benton",0.0123222748815166,0.0149942329873126
2412,570,100,0.189753320683,2,0,"Benton",0.0018957345971564,0.00230680507497117
2412,571,100,11.907020872865,54,36,"Benton",0.119431279620853,0.0622837370242214
2412,572,100,8.918406072106,92,1,"Benton",0.0890995260663507,0.106113033448674
2412,573,100,34.218130067276,349,6,"Benton",0.34218009478673,0.402537485582468
2412,574,100,40.54467828187,357,35,"Benton",0.404739336492891,0.411764705882353
2412,612,100,3.03605313093,0,16,"Benton",0.0303317535545024,0
2413,529,98.90132459943,6.718218671817,175.055344540991,0.9890132459943,"Benton",0.0671489932118364,0.0727435957582106
2413,531,100,2.039992387326,18,18,"Benton",0.0204822718580197,0.00747983288988463
2413,540,100,2.087148551115,55,0,"Benton",0.0208615731887238,0.0228550449413141
2413,541,100,5.433282966218,139,2,"Benton",0.0542400902906819,0.0577609317607758
2413,542,100,3.650556750566,80,8,"Benton",0.0364129277475906,0.0332437017328206
2413,543,100,0.866389873157,23,0,"Benton",0.00872393060619359,0.00955756424818592
2413,544,100,9.107557313956,240,0,"Benton",0.0910323193689766,0.0997311051984617
2413,545,100,1.02460019782,7,10,"Benton",0.0102411359290099,0.0029088239016218
2413,576,29.699173189501,4.073102020964,85.2366270538679,10.9886940801154,"Benton",0.0406664186408339,0.0354197625811306
2413,577,100,4.503181116345,17,51,"Benton",0.0451368583537842,0.00706428661822437
2413,578,100,0.44272848054,12,0,"Benton",0.00455161596844883,0.00498655525992309
2413,579,100,16.669179056069,425,7,"Benton",0.166513284179086,0.176607165455609
2413,586,100,27.53138679698,712,7,"Benton",0.275372766091154,0.295868945422103
2413,587,100,15.77016918232,416,0,"Benton",0.157789353572893,0.172867249010667
2413,589,1.203814082195,0.082506634807,2.17890348877295,0,"Benton",0.000826460992767319,0.000905435221067127
2414,575,100,3.948984383369,136,2,"Benton",0.039584161144149,0.0555298819099991
2414,576,70.300826810499,7.183161502976,201.763372946132,26.0113059198846,"Benton",0.071756466556369,0.0823815902460428
2414,580,100,1.477184054283,52,0,"Benton",0.0147026884249696,0.0212320136714702
2414,581,100,5.089058524173,0,90,"Benton",0.0508939214710487,0
2414,582,100,2.69564115313,95,0,"Benton",0.0268606807763868,0.0387892557459553
2414,583,100,1.345383288,48,0,"Benton",0.0135717123922796,0.0195987818505879
2414,584,100,3.165728894145,90,11,"Benton",0.0316673289153192,0.0367477159698523
2414,585,100,11.67974769738,397,8,"Benton",0.116773275375239,0.162098258222571
2414,591,100,10.200243389756,355,3,"Benton",0.10207058695027,0.144949324103306
2414,592,100,4.167657850583,145,1,"Benton",0.0415633692013564,0.0592046535069843
2414,593,80.686101436137,2.598462219272,90.3684336084734,0.80686101436137,"Benton",0.0260074033652069,0.0368981503431627
2414,594,100,6.214736143379,218,1,"Benton",0.0622036817979484,0.0890111342380868
2414,607,100,1.752897936104,46,8,"Benton",0.0175301285066945,0.0187821659401468
2414,608,100,5.172378125466,127,28,"Benton",0.0517421534955662,0.0518551103130139
2414,609,100,7.128129805471,248,2,"Benton",0.0712514900594682,0.101260372894704
2414,610,100,12.044105173875,98,164,"Benton",0.120448947481482,0.040014179611617
2414,611,100,11.252473847894,0,199,"Benton",0.112532115252652,0
2414,919,100,2.884026010744,102,0,"Benton",0.0288398888335943,0.0416474114324993
2415,588,100,3.62187722966,44,0,"Benton",0.0358943080072835,0.0374844174557559
2415,589,98.796185917805,14.556273333022,178.821096511227,0,"Benton",0.14587862537214,0.152341014352792
2415,590,100,24.479613479787,282,9,"Benton",0.244733918231479,0.240241039148254
2415,595,100,29.360589043331,346,7,"Benton",0.293680701877774,0.294763828174808
2415,596,100,14.304789290596,173,1,"Benton",0.142761452301696,0.147381914087404
2415,597,100,13.676857623604,150,9,"Benton",0.137050994209628,0.127787786780986
2416,534,20,0.186269292177,2.4,0,"Benton",0.00183990123285409,0.00209784421208762
2416,535,100,5.514785891886,50,11,"Benton",0.0551970369856228,0.0437050877518255
2416,536,100,3.043353820743,26,7,"Benton",0.0306650205475682,0.0227266456309492
2416,537,100,12.112572543653,158,0,"Benton",0.121126831162894,0.138108077295768
2416,538,100,14.119659122389,184,0,"Benton",0.141059094518814,0.160834722926718
2416,539,100,8.447342986304,98,6,"Benton",0.0843288065058126,0.0856619719935779
2416,593,19.313898563863,1.686560733926,21.6315663915266,0.19313898563863,"Benton",0.0168794412449634,0.0189081901470221
2416,598,100,12.495220923333,149,7,"Benton",0.12495995873134,0.13024116150044
2416,599,100,9.861621971649,117,6,"Benton",0.0988946912659074,0.102269905339272
2416,600,100,2.763477219875,34,1,"Benton",0.0275985184928114,0.0297194596712413
2416,601,100,2.784163751244,36,0,"Benton",0.0275985184928114,0.0314676631813143
2416,602,100,2.9131503586,14,12,"Benton",0.0291317695201898,0.0122374245705111
2416,603,100,6.707461057866,39,24,"Benton",0.0666964196909608,0.0340899684464239
2416,604,100,0.843280366963,11,0,"Benton",0.00843288065058126,0.0096151193054016
2416,605,100,15.984446998597,197,6,"Benton",0.160224732361044,0.172198045742192
2416,606,100,0.536632960795,7,0,"Benton",0.00536637859582444,0.00611871228525556
2417,506,100,1.197798694653,6,0,"Benton",0.0121810931702434,0.012485832340116
2417,507,100,0.609050183722,3,0,"Benton",0.00609054658512171,0.00624291617005801
2417,508,100,4.439522826798,22,0,"Benton",0.0446640082908926,0.045781385247092
2417,509,100,3.94624251271,19,0,"Benton",0.0385734617057709,0.039538469077034
2417,510,100,3.194129852407,16,0,"Benton",0.0324829151206491,0.033295552906976
2417,528,100,5.190461010162,26,0,"Benton",0.0527847370710549,0.0541052734738361
2417,529,1.09867540057,0.399266231551,1.9446554590089,0.0109867540057,"Benton",0.00399261511309564,0.00404677367007941
2417,530,100,3.214431525198,10,3,"Benton",0.0324829151206491,0.02080972056686
2417,532,100,73.544068052549,360,1,"Benton",0.734925954604687,0.749149940406961
2417,533,100,2.291907853895,7,2,"Benton",0.0223320041454463,0.014566804396802
2417,534,80,1.973121256355,9.6,0,"Benton",0.0194897490723895,0.0199773317441856
2418,563,93.399053959711,21.336543827253,976.954104418577,28.0197161879133,"Linn",0.213384613910976,0.25421956075283
2418,564,100,19.975211733113,925,21,"Linn",0.199752384019981,0.2407002464423
2418,565,100,10.475065344405,455,26,"Linn",0.104730567423092,0.118398499601348
2418,853,100,5.907870274737,2,142,"Linn",0.0590787816232828,0.000520432965280649
2418,855,100,1.466639124148,37,17,"Linn",0.0146664108225632,0.009628009857692
2418,856,100,14.914273910349,712,5,"Linn",0.149142938223812,0.185274135639911
2418,857,100,14.501136128899,670,16,"Linn",0.145011554893512,0.174345043369017
2418,858,95.238095238095,0.41313778145,20,0,"Linn",0.00413138333029949,0.00520432965280647
2418,869,100,11.010121875646,45,244,"Linn",0.110101365752482,0.0117097417188146
2419,866,100,0.189107413011,3,0,"Linn",0.00113590114114813,0.0030842686894746
2419,867,23.970037453184,0.151285930408,1.67790262172288,1.1985018726592,"Linn",0.00154289693079798,0.00172503417338907
2419,868,100,10.136157337368,0,134,"Linn",0.101473835275899,0
2419,870,100,3.819969742814,77,12,"Linn",0.0382420050853202,0.0791628963631813
2419,871,100,41.565809379726,199,450,"Linn",0.41611845137393,0.204589823068482
2419,872,100,11.043872919818,0,146,"Linn",0.110561044405084,0
2419,873,100,9.247352496218,241,2,"Linn",0.0927652598604302,0.247769584721126
2419,874,100,0.063035804337,2,0,"Linn",0.000757267427432083,0.0020561791263164
2419,875,100,0.189107413011,3,0,"Linn",0.00113590114114813,0.0030842686894746
2419,883,100,0.126071608674,3,0,"Linn",0.00113590114114813,0.0030842686894746
2419,885,100,0.132375189107,4,0,"Linn",0.00151453485486417,0.00411235825263279
2419,887,100,0.869894099849,11,6,"Linn",0.00870857541546896,0.0113089851947402
2419,889,100,9.152798789713,180,31,"Linn",0.0916293587192821,0.185056121368476
2419,918,100,13.313161875946,248,52,"Linn",0.133279067228047,0.254966211663233
2420,880,100,1.343570057582,14,0,"Linn",0.0134228187919463,0.0305010893246187
2420,881,100,1.439539347409,15,0,"Linn",0.0143815915627996,0.0326797385620915
2420,882,100,1.151631477927,12,0,"Linn",0.0115052732502397,0.0261437908496732
2420,888,100,10.364683301344,104,2,"Linn",0.103547459252157,0.226579520697168
2420,891,100,17.46641074856,170,6,"Linn",0.174496644295302,0.37037037037037
2420,892,100,0.671785028791,7,0,"Linn",0.00671140939597315,0.0152505446623094
2420,893,100,2.78310940499,19,5,"Linn",0.0278044103547459,0.0413943355119826
2420,894,100,5.182341650672,40,7,"Linn",0.0517737296260786,0.0871459694989107
2420,895,100,0.671785028791,7,0,"Linn",0.00671140939597315,0.0152505446623094
2420,897,100,0.191938579655,2,0,"Linn",0.00191754554170662,0.00435729847494553
2420,898,100,0.911708253359,10,0,"Linn",0.00958772770853308,0.0217864923747277
2420,899,100,0.911708253359,10,0,"Linn",0.00958772770853308,0.0217864923747277
2420,900,100,7.293666026871,36,20,"Linn",0.0728667305848514,0.0784313725490196
2420,901,100,49.61612284069,13,252,"Linn",0.49568552253116,0.028322440087146
2421,519,100,15.050833965255,81,0,"Linn",0.151307260472901,0.158693131933593
2421,520,100,31.393876591671,150,9,"Linn",0.313822466166018,0.293876170247394
2421,521,5.503931379557,0.653309955085,3.3023588277342,0.11007862759114,"Linn",0.00658002788244233,0.00646989710051466
2421,522,17.382503861792,5.191480893086,27.1167060243955,0.34765007723584,"Linn",0.0519525736195038,0.0531263581078252
2421,523,100,13.497850322023,72,0,"Linn",0.134495342642579,0.141060561718749
2421,550,100,7.839719461019,36,3,"Linn",0.0784556165415045,0.0705302808593745
2421,551,100,3.114888535851,17,0,"Linn",0.031755844790609,0.0333059659613713
2421,552,100,14.53614650064,78,0,"Linn",0.145703287862794,0.152815608528645
2421,553,100,1.557444267926,8,0,"Linn",0.0149439269602866,0.0156733957465277
2421,554,100,7.164449507444,38,0,"Linn",0.0709836530613612,0.0744486297960064
2422,502,100,10.923736244548,49,2,"Linn",0.109353775819426,0.117342521833878
2422,516,100,16.106832269844,40,19,"Linn",0.160935745545571,0.0957898137419409
2422,517,100,5.183096025296,15,5,"Linn",0.0515819697261444,0.0359211801532278
2422,518,100,28.080670814338,128,4,"Linn",0.280605915310226,0.306527403974211
2422,521,94.496068620443,12.408643508586,56.6976411722658,1.88992137240886,"Linn",0.124781909780976,0.135776412187469
2422,522,82.617496138208,27.297021137388,128.883293975604,1.65234992276416,"Linn",0.272740683817658,0.308642668109274
2423,500,100,1.328979846603,19,9,"Linn",0.0134669471295881,0.0120595353538116
2423,501,100,1.148582831311,28,2,"Linn",0.0116470894093735,0.0177719468371961
2423,503,100,2.019122556483,37,9,"Linn",0.0200184349223606,0.0234843583205805
2423,504,100,4.005144743188,28,41,"Linn",0.0400368698447213,0.0177719468371961
2423,505,100,0.673592524991,19,0,"Linn",0.0069154593368155,0.0120595353538116
2423,511,100,1.201543422957,33,0,"Linn",0.0120110609534164,0.0209455087724097
2423,512,100,3.577322463802,82,8,"Linn",0.0356692113162062,0.0520464157375028
2423,513,100,1.638468304032,45,0,"Linn",0.0163787194819314,0.0285620574169223
2423,514,100,7.864647859352,158,29,"Linn",0.0786178535132709,0.100284557152749
2423,515,100,1.856930744569,49,1,"Linn",0.018562548746189,0.0311009069650932
2423,524,100,33.206290961708,32,440,"Linn",0.331942048167144,0.020310796385367
2423,525,99.753890424444,37.374100379236,1006.51675438264,9.9753890424444,"Linn",0.373604972702133,0.638848651772694
2423,526,100,1.565647490519,17,13,"Linn",0.0156507763938456,0.0107901105797262
2423,527,100,2.539625871249,22,24,"Linn",0.0254780080830045,0.0139636725149398
2424,525,0.246109575556,0.074979813127,2.48324561736004,0.0246109575556,"Linn",0.000749798131273447,0.0157324243579985
2424,548,100,6.039912331295,2,101,"Linn",0.0603991233129541,0.0126708564372491
2424,549,100,7.164994040066,2,120,"Linn",0.0716499404006613,0.0126708564372491
2424,566,100,9.711231591495,0,164,"Linn",0.0971123159149458,0
2424,567,100,18.475025954551,0,312,"Linn",0.184750259545507,0
2424,568,100,53.174914446111,0,898,"Linn",0.531749144461106,0
2424,569,100,0.592148267774,0,10,"Linn",0.0059214826777406,0
2424,845,96.407185628743,4.766793555581,151.359281437126,4.82035928143715,"Linn",0.0476679355558121,0.958925862767503
2425,555,100,1.813633520951,29,0,"Linn",0.0181354466312648,0.0245447627427266
2425,556,100,1.460635119172,23,0,"Linn",0.014383285259279,0.0194665359683694
2425,557,100,7.982767007157,104,12,"Linn",0.080046109269031,0.0880225974221919
2425,558,100,28.89305816135,352,55,"Linn",0.288916425642909,0.297922637428957
2425,559,100,9.861683032415,154,1,"Linn",0.0975561956716316,0.130341153875169
2425,560,100,7.899417655515,68,30,"Linn",0.080046109269031,0.0575532367760486
2425,561,100,2.795865062723,45,0,"Linn",0.0281412102898937,0.0380867008076792
2425,562,100,4.646286281867,68,3,"Linn",0.0462766569211586,0.0575532367760486
2425,563,6.600946040289,4.565353345841,69.0458955814229,1.9802838120867,"Linn",0.0456553385242239,0.0584384526001759
2425,858,4.761904761905,0.062539086929,1.00000000000005,0,"Linn",0.000625360228664336,0.00084637112905958
2425,860,100,7.50469043152,116,2,"Linn",0.0750432274397166,0.0981790509709064
2425,861,100,4.377736085053,38,16,"Linn",0.0437752160065013,0.0321621029042624
2425,862,100,0.750469043152,12,0,"Linn",0.00750432274397166,0.0101564535487145
2425,863,100,0.375234521576,6,0,"Linn",0.00375216137198583,0.00507822677435723
2425,864,100,0.500312695435,8,0,"Linn",0.00500288182931444,0.0067709690324763
2425,865,100,2.392120075047,32,3,"Linn",0.0237636886892436,0.0270838761299052
2425,867,76.029962546816,0.793464665416,5.32209737827712,3.8014981273408,"Linn",0.00808283950981462,0.00450446956701721
2425,877,100,11.823796122577,27,81,"Linn",0.118193083217554,0.0228520204846075
2425,878,100,0.500312695435,8,0,"Linn",0.00500288182931444,0.0067709690324763
2425,879,80.733944954128,1.000625390869,16.1467889908256,0,"Linn",0.010097559655497,0.0136661760288512
2426,615,100,0.3300330033,4,0,"Linn",0.00330305532617672,0.0048641486832314
2426,616,100,0.660066006601,8,0,"Linn",0.00660611065235344,0.00972829736646279
2426,618,100,1.111111111111,7,3,"Linn",0.0107349298100743,0.00851226019565494
2426,619,100,3.630363036304,34,5,"Linn",0.0363336085879439,0.0413452638074669
2426,620,100,2.554582381315,23,4,"Linn",0.0255986787778696,0.0279688549285805
2426,710,100,9.488448844884,75,20,"Linn",0.0949628406275807,0.0912027878105887
2426,711,100,5.201193196243,63,0,"Linn",0.0520231213872833,0.0766103417608945
2426,712,100,1.026769343601,12,0,"Linn",0.00990916597853016,0.0145924460496942
2426,713,100,4.448111477814,20,17,"Linn",0.0445912469033857,0.024320743416157
2426,714,100,10.575724239091,114,7,"Linn",0.105697770437655,0.138628237472095
2426,715,100,13.778877887789,73,47,"Linn",0.137902559867878,0.088770713468973
2426,716,100,1.155115511551,14,0,"Linn",0.0115606936416185,0.0170245203913099
2426,717,100,11.881188118812,128,8,"Linn",0.118909991742362,0.155652757863405
2426,718,100,5.940594059406,66,3,"Linn",0.059454995871181,0.080258453273318
2426,719,100,7.920792079208,96,0,"Linn",0.0792733278282413,0.116739568397554
2426,720,100,0.990099009901,12,0,"Linn",0.00990916597853016,0.0145924460496942
2426,1224,21.828358208955,19.306930693069,73.3432835820888,80.3283582089544,"Linn",0.193228736581336,0.089188159064921
2427,1222,100,49.026763990268,538,134,"Linn",0.490267639902676,0.671948400566698
2427,1224,78.171641791045,50.973236009732,262.656716417911,287.671641791046,"Linn",0.509732360097324,0.328051599433302
2428,1221,100,100,659,308,"Linn",1,1
2429,903,100,7.161874334398,7,131,"Linn",0.0719235852842592,0.00431087851514476
2429,921,44.855967078189,2.90202342918,0.44855967078189,54.2757201646087,"Linn",0.0291437576058892,0.000276240892504866
2429,1223,100,1.304579339723,47,1,"Linn",0.0131013222265008,0.0289444700302577
2429,1230,100,7.428115015974,9,135,"Linn",0.0745973245141574,0.00554255809090041
2429,1233,100,2.103301384452,39,20,"Linn",0.0211225399161951,0.0240177517272351
2429,1235,25.333333333333,0.505857294995,18.4933333333331,0.25333333333333,"Linn",0.00508010453680635,0.0113889304771537
2429,1232,100,2.316293929712,25,31,"Linn",0.0232615313001136,0.0153959946969456
2429,1229,100,5.564430244941,71,69,"Linn",0.0558811499048706,0.0437246249393255
2429,1227,100,0.372736954207,14,0,"Linn",0.00374323492185736,0.00862175703028953
2429,1226,100,10.782747603834,227,89,"Linn",0.108286438810874,0.139795631848266
2429,1231,100,0.958466453674,26,5,"Linn",0.00962546122763321,0.0160118344848234
2429,1200,100,1.144834930777,23,10,"Linn",0.0114970786885619,0.0141643151211899
2429,1201,100,6.443024494143,0,121,"Linn",0.0647044893635343,0
2429,1202,100,0.155307064253,6,0,"Linn",0.00160424353793887,0.00369503872726694
2429,1203,100,0.479233226837,18,0,"Linn",0.0048127306138166,0.0110851161818008
2429,923,31.200151917964,2.822151224707,21.8401063425748,42.1202050892514,"Linn",0.028363163855026,0.0134500064572404
2429,924,1.694915254237,0.079872204473,0.01694915254237,1.49152542372856,"Linn",0.000802121768969298,0.000010437962506402
2429,1204,100,10.543130990415,0,198,"Linn",0.105880073503965,0
2429,1206,100,3.00851970181,109,2,"Linn",0.0302132532978487,0.0671265368786828
2429,1207,100,2.183173588924,18,32,"Linn",0.0219246616851645,0.0110851161818008
2429,1208,100,13.95101171459,500,12,"Linn",0.140103935646661,0.307919893938912
2429,1209,100,0.346112886049,11,1,"Linn",0.00347586099886755,0.00677423766665606
2429,1210,100,5.111821086262,160,16,"Linn",0.0513357932140438,0.0985343660604518
2429,1211,100,11.106673766418,257,80,"Linn",0.111494925886751,0.158270825484601
2429,1228,100,0.798722044728,16,7,"Linn",0.00802121768969434,0.00985343660604518
2430,1220,16.872839730762,98.906958144495,31.8896670911402,81.6645442968881,"Linn",1,1
2431,638,100,7.697260313464,70,0,"Linn",0.0766843162315135,0.0954201023694655
2431,639,100,36.45099603125,209,62,"Linn",0.364798247215629,0.284897162788833
2431,640,100,16.322804454994,97,26,"Linn",0.163228044549936,0.132224998997688
2431,641,100,17.966039802812,164,0,"Linn",0.179660398028117,0.223555668408462
2431,643,100,1.643235347818,15,0,"Linn",0.0164323534781815,0.0204471647934569
2431,644,100,14.570020083988,133,0,"Linn",0.145700200839876,0.181298194501984
2431,645,100,4.929706043454,43,1,"Linn",0.0492970604345444,0.0586152057412431
2431,647,0.980392156863,0.41993792222,2.59803921568695,0.61764705882369,"Linn",0.00419937922220302,0.00354150239886764
2432,637,100,3.035651919465,45,2,"Linn",0.0305264250856609,0.0486816122104458
2432,646,100,6.682965046583,103,2,"Linn",0.0666597445748105,0.111426801281687
2432,647,99.019607843137,24.120029072786,262.401960784313,62.3823529411763,"Linn",0.241200290727857,0.283870011070278
2432,648,100,9.220226352404,98,25,"Linn",0.092202263524037,0.106017733258304
2432,649,100,6.603675630776,104,1,"Linn",0.0660367563077562,0.112508614886364
2432,650,100,34.326653514691,197,177,"Linn",0.343266535146921,0.213117280121285
2432,651,100,6.977468591008,76,18,"Linn",0.069774685910082,0.0822178339554195
2432,652,100,8.846433392171,36,53,"Linn",0.0884643339217112,0.0389452897683566
2432,655,1.415094339623,0.186896480116,2.9716981132083,0.01415094339623,"Linn",0.00186896480116339,0.00321482344786044
2433,632,100,29.406474820144,138,258,"Linn",0.294064748201439,0.123747820128418
2433,633,100,2.203237410072,25,12,"Linn",0.0220323741007194,0.0224180833565974
2433,634,100,12.544964028777,71,104,"Linn",0.12544964028777,0.0636673567327366
2433,635,100,0.359712230216,0,4,"Linn",0.00359712230215827,0
2433,653,100,5.620503597122,57,34,"Linn",0.056205035971223,0.0511132300530421
2433,654,100,19.514388489209,288,73,"Linn",0.195143884892086,0.258256320268002
2433,655,98.584905660377,9.397482014388,207.028301886792,0.98584905660377,"Linn",0.0939748201438846,0.185647109154916
2433,657,100,5.395683453237,92,14,"Linn",0.0539568345323741,0.0824985467522784
2433,658,100,14.748201438849,232,48,"Linn",0.147482014388489,0.208039813549224
2433,660,18.367346938776,0.809352517986,5.14285714285728,6.4285714285716,"Linn",0.00809352517985633,0.00461172000478587
2434,614,100,0.54105942927,19,6,"Linn",0.0054105942926957,0.0533172980557226
2434,623,11.538461538462,0.183262064753,10.5000000000004,0,"Linn",0.00183262064752604,0.0294648226097426
2434,624,100,5.131337813073,54,120,"Linn",0.0513133781307269,0.151533373421527
2434,625,100,8.150798498996,3,232,"Linn",0.0815079849899642,0.0084185207456404
2434,626,100,14.643511650231,25,407,"Linn",0.146435116502313,0.0701543395470034
2434,627,100,4.241207784274,11,116,"Linn",0.0424120778427437,0.0308679094006815
2434,628,100,0.069814119906,0,2,"Linn",0.000698141199057509,0
2434,629,100,1.186840038398,0,34,"Linn",0.0118684003839777,0
2434,630,100,1.361375338162,20,29,"Linn",0.0136137533816214,0.0561234716376027
2434,631,100,1.745352997644,0,50,"Linn",0.0174535299764377,0
2434,659,100,4.677546033685,0,134,"Linn",0.0467754603368531,0
2434,660,81.632653061224,1.396282398115,22.8571428571427,28.5714285714284,"Linn",0.0139628239811501,0.0641411104429741
2434,661,100,0.453791779387,0,13,"Linn",0.00453791779387381,0
2434,663,100,2.094423597173,30,45,"Linn",0.0209442359717253,0.084185207456404
2434,664,100,1.640631817785,12,41,"Linn",0.0164063181778515,0.0336740829825616
2434,665,100,49.568025133083,28,1406,"Linn",0.495680251330832,0.0785728602926438
2434,678,100,2.914739506065,121,23,"Linn",0.029147395060651,0.339547003407496
2435,813,100,26.119402985075,28,91,"Linn",0.261194029850746,0.0809248554913295
2435,814,100,49.12935323383,137,129,"Linn",0.491293532338308,0.395953757225434
2435,815,100,24.751243781095,181,9,"Linn",0.247512437810945,0.523121387283237
2436,828,100,20.774505510328,100,97,"Linn",0.207773851590106,0.125527101075625
2436,829,100,12.791519434629,179,1,"Linn",0.12791519434629,0.224693510925368
2436,830,100,10.603586362464,108,21,"Linn",0.106007067137809,0.135569269161675
2436,831,100,5.088339222615,54,9,"Linn",0.0508833922261484,0.0677846345808373
2436,832,100,9.893992932862,24,58,"Linn",0.098939929328622,0.0301265042581499
2436,833,100,17.455830388693,233,7,"Linn",0.174558303886926,0.292478145506205
2436,834,100,14.34628975265,21,91,"Linn",0.143462897526502,0.0263606912258812
2436,844,100,8.621908127208,72,25,"Linn",0.0862190812720849,0.0903795127744497
2436,845,3.592814371257,0.424028268551,5.64071856287349,0.17964071856285,"Linn",0.0042402826855118,0.00708063049180972
2437,622,100,0.496178978846,16,0,"Linn",0.00496178978845941,0.0233288241565949
2437,623,88.461538461538,2.496400487319,80.4999999999996,0,"Linn",0.0249640048731863,0.117373146537867
2437,666,100,7.411673496511,87,76,"Linn",0.0741167349651124,0.126850481351485
2437,667,44.318181818182,1.209436260937,38.1136363636365,0.44318181818182,"Linn",0.0120943626093699,0.0555716450434798
2437,676,94.874397361076,16.564403588437,88.2331895458007,222.954833798529,"Linn",0.165644035884373,0.128648535230593
2437,677,100,4.527633181969,140,3,"Linn",0.0452763318196921,0.204127211370205
2437,679,100,2.91505150072,72,11,"Linn",0.029150515007199,0.104979708704677
2437,680,100,3.473252851922,26,43,"Linn",0.0347325285192159,0.0379093392544667
2437,689,100,7.008528076199,30,98,"Linn",0.0700852807619891,0.0437415452936154
2437,690,100,52.315871082069,57,815,"Linn",0.523158710820689,0.0831089360578693
2437,691,100,1.581570495071,51,0,"Linn",0.0158157049507144,0.0743606269991462
2438,662,100,3.644694366344,0,25,"Linn",0.0364469436634385,0
2438,667,55.681818181818,3.571800479017,47.8863636363635,0.55681818181818,"Linn",0.0357180047901696,0.0485341403583911
2438,668,100,3.571800479017,49,0,"Linn",0.0357180047901698,0.0496628412969585
2438,669,100,5.248359887535,48,12,"Linn",0.0524835988753515,0.0486493139235512
2438,675,100,12.246173070915,158,5,"Linn",0.122461730709153,0.160137324998356
2438,676,5.125602638924,2.103509320004,4.76681045419932,12.0451662014714,"Linn",0.0210350932000411,0.00483129287917517
2438,681,100,10.27803811309,25,58,"Linn",0.102780381130897,0.0253381843351829
2438,682,100,14.651671352702,167,17,"Linn",0.146516713527023,0.169259071359022
2438,687,100,19.098198479641,200,31,"Linn",0.190981984796418,0.202705474681463
2438,688,100,11.225658648339,92,31,"Linn",0.112256586483391,0.0932445183534731
2438,692,100,4.956784338228,68,0,"Linn",0.0495678433822764,0.0689198613916975
2438,693,100,3.207331042383,44,0,"Linn",0.0320733104238259,0.0445952044299219
2438,694,100,6.195980422785,83,1,"Linn",0.0619598042278455,0.0841227719928073
2439,621,100,0.100200400802,1,0,"Linn",0.00100200400801603,0.0010752688172043
2439,695,100,13.827655310621,100,19,"Linn",0.138276553106212,0.10752688172043
2439,697,100,15.931863727455,145,7,"Linn",0.159318637274549,0.155913978494624
2439,698,100,12.124248496994,121,0,"Linn",0.12124248496994,0.13010752688172
2439,699,100,15.931863727455,159,0,"Linn",0.159318637274549,0.170967741935484
2439,700,100,30.060120240481,284,8,"Linn",0.30060120240481,0.305376344086021
2439,701,100,12.024048096192,120,0,"Linn",0.120240480961924,0.129032258064516
2440,670,100,16.195965417867,35,123,"Linn",0.161959654178674,0.0301278112700219
2440,672,100,5.305627180343,44,24,"Linn",0.0530259365994237,0.037874962739456
2440,673,100,6.452297891703,112,0,"Linn",0.0645533141210375,0.0964089960640699
2440,674,100,5.475504322767,95,0,"Linn",0.0547550432276657,0.0817754877329165
2440,683,100,6.743515850144,117,0,"Linn",0.067435158501441,0.100712969102644
2440,684,100,7.953890489914,102,18,"Linn",0.0795389048991355,0.0878010499869208
2440,685,100,11.008645533141,179,6,"Linn",0.110086455331412,0.154082234780969
2440,686,100,6.051873198847,97,4,"Linn",0.0605187319884727,0.0834970769483463
2440,696,100,4.207492795389,73,0,"Linn",0.0420749279538905,0.0628380063631884
2440,705,93.816254416961,30.605187319885,307.717314487632,111.641342756184,"Linn",0.306051873198847,0.264881405011467
2441,702,100,7.442330095036,344,4,"Linn",0.0744798401316563,0.103508648403177
2441,703,100,4.867631214407,2,114,"Linn",0.0486658046314799,0.000601794467460333
2441,704,100,9.481299061105,0,224,"Linn",0.0947925238039262,0
2441,705,6.183745583039,0.740726489149,20.2826855123679,7.35865724381641,"Linn",0.00740566592218189,0.00610300396329043
2441,708,100,24.306514394275,603,273,"Linn",0.24311743270248,0.18144103193929
2441,709,100,42.61041726218,1953,30,"Linn",0.425931585752909,0.587652297475015
2441,721,11.111111111111,0.044251192858,2.11111111111109,0,"Linn",0.00044669096038556,0.000635227493430345
2441,728,100,3.864879028416,85,49,"Linn",0.0387210532502645,0.0255762648670641
2441,729,100,6.641951262574,314,0,"Linn",0.0664394028447161,0.0944817313912723
2442,787,100,7.318630067081,368,2,"Linn",0.0732445583180899,0.117935902067253
2442,788,100,26.447448731552,825,259,"Linn",0.264428607046222,0.264394345667074
2442,794,96.899429132705,12.744247180395,432.171453931864,107.558366337303,"Linn",0.127447143366958,0.138501440943398
2442,795,46.373884644855,2.121919160546,100.167590832887,3.7099107715884,"Linn",0.0211833131722338,0.0321015086488586
2442,809,100,5.473451840245,250,14,"Linn",0.0547365247645941,0.0801194986869922
2442,816,100,6.300376218987,0,160,"Linn",0.0630060716714752,0
2442,817,100,1.082877162638,55,0,"Linn",0.0108291685685348,0.0176262897111383
2442,818,100,5.065896253579,107,75,"Linn",0.0506017513111535,0.0342911454380327
2442,819,100,4.266536020795,41,88,"Linn",0.0427259923522191,0.0131395977846667
2442,820,100,7.501385435731,379,1,"Linn",0.0750166040838501,0.12146116000948
2442,822,100,21.677231928451,563,269,"Linn",0.216780265344669,0.180429111043106
2443,801,13.907769528391,4.800404244568,36.9946669455201,5.28495242078858,"Linn",0.0480661627782392,0.0437809472564461
2443,804,100,11.925214754927,80,19,"Linn",0.11924436602141,0.0946751537369855
2443,805,100,0.606366851945,214,3,"Linn",0.222320004446696,0.253256036246436
2443,806,100,13.14997954715,64,0,"Linn",0.0646749103844933,0.0757401229895884
2443,807,100,19.605861546235,182,6,"Linn",0.196045822102995,0.215385974751642
2443,808,100,11.015664477009,107,1,"Linn",0.11014945674859,0.126628018123218
2443,810,100,31.114800644866,160,0,"Linn",0.161687275961233,0.189350307473971
2443,811,100,3.840323395654,0,19,"Linn",0.0384007280407929,0
2443,812,100,3.941384537645,1,19,"Linn",0.0394112735155506,0.00118343942171232
2444,771,100,13.993419907482,490,1,"Linn",0.139926789808014,0.154056030144765
2444,774,100,8.987643680415,158,79,"Linn",0.0898716780067732,0.0496752097201489
2444,775,100,17.406449153209,604,4,"Linn",0.174055275127042,0.189897637158037
2444,777,100,4.749799033637,149,9,"Linn",0.0474954754023137,0.0468456091664695
2444,789,100,3.406934550646,114,3,"Linn",0.0341284853190278,0.035841607013272
2444,790,100,5.666034860913,197,1,"Linn",0.0565964048207211,0.0619368121194261
2444,791,100,11.405206062806,389,6,"Linn",0.114046021774418,0.122301623931253
2444,792,100,8.383531148188,291,2,"Linn",0.0838991930759433,0.0914904179022995
2444,793,100,10.644106896743,264,55,"Linn",0.106367112577637,0.0830016162412614
2444,794,3.100570867295,0.589083540368,13.8285460681357,3.44163366269745,"Linn",0.0058905234944296,0.00434769573455304
2444,795,53.626115355145,3.544654850263,115.832409167113,4.2900892284116,"Linn",0.0353834430852148,0.036417716568142
2444,796,100,11.22313631533,395,0,"Linn",0.112339597508466,0.124188024300372
2445,671,100,2.00848411393,0,58,"Linn",0.0200850656962317,0
2445,706,100,10.596485152801,0,306,"Linn",0.105966036259429,0
2445,707,100,10.977404553718,0,317,"Linn",0.10977527285699,0
2445,764,100,6.783404210962,238,77,"Linn",0.0678736702838173,0.167841399783266
2445,765,100,2.043113150377,0,59,"Linn",0.0204313599323736,0
2445,766,100,0.917669465847,1,26,"Linn",0.00917679725776102,0.000705215965475907
2445,767,100,12.466453120942,0,360,"Linn",0.124665925011093,0
2445,768,100,10.683057743918,243,187,"Linn",0.106831771849784,0.171367479610645
2445,769,100,1.1773872392,0,34,"Linn",0.0117740040288255,0
2445,770,100,3.512939068797,201,1,"Linn",0.0351488649684054,0.141748409060657
2445,797,100,7.969625388031,354,53,"Linn",0.0796476743126428,0.249646451778471
2445,798,100,10.545389656165,121,244,"Linn",0.105446594905216,0.0853311318225847
2445,799,100,3.636048826941,2,104,"Linn",0.0363608947949021,0.00141043193095181
2445,800,100,1.687547151143,29,34,"Linn",0.0167952704528834,0.0204512629988013
2445,801,86.092230471609,5.091086733369,229.00533305448,32.7150475792114,"Linn",0.0509806458530539,0.161498217049147
2445,802,100,9.349839840706,0,270,"Linn",0.0934994437583198,0
2445,803,100,0.554064583153,0,16,"Linn",0.0055407077782708,0
2446,826,100,5.737508964858,0,120,"Linn",0.0573750896485776,0
2446,827,100,4.94860148219,53,77,"Linn",0.0494860148218982,0.0383779869659667
2446,835,100,6.645947884294,174,52,"Linn",0.0664594788429357,0.12599565532223
2446,836,100,4.470475735118,179,4,"Linn",0.0447047573511834,0.12961622013034
2446,837,100,6.430791298111,87,91,"Linn",0.064307912981114,0.0629978276611151
2446,840,100,1.963575511269,12,35,"Linn",0.0196031556299307,0.00868935553946416
2446,841,100,4.419403212136,77,54,"Linn",0.0442266316041119,0.055756698044895
2446,842,100,5.035261773847,171,20,"Linn",0.0504422663160411,0.123823316437364
2446,843,100,4.35094429835,0,91,"Linn",0.0435094429835047,0
2446,846,100,6.454697585465,0,135,"Linn",0.0645469758546498,0
2446,847,100,25.197226870667,0,527,"Linn",0.25197226870667,0
2446,848,100,5.023972693707,188,11,"Linn",0.0502032034425054,0.136133236784938
2446,849,100,2.491181935235,100,2,"Linn",0.0248625388477169,0.0724112961622013
2446,850,100,2.314261428533,97,0,"Linn",0.0231890987329668,0.0702389572773353
2446,851,100,14.51614932622,243,182,"Linn",0.145111164236194,0.175959449674149
2447,782,99.396574310605,6.969235794611,513.880289185828,5.9637944586363,"Linn",0.0697283217664164,0.21421672915585
2447,783,100,11.457655803027,586,139,"Linn",0.114576583035469,0.244280634861895
2447,823,100,7.863877188883,473,60,"Linn",0.0786387890509644,0.19717532472641
2447,824,100,18.048460124908,181,590,"Linn",0.180484640638048,0.0754518684471041
2447,825,100,28.869579494433,195,991,"Linn",0.288695857949325,0.0812879245700845
2447,838,100,11.882013425362,0,448,"Linn",0.118820160184931,0
2447,839,100,11.815707546872,223,334,"Linn",0.118157101255328,0.0929600368160453
2447,852,100,3.093470621903,227,3,"Linn",0.0308985461195189,0.0946274814226112
2448,745,100,19.914107391375,799,17,"Linn",0.199186991869919,0.206034038164002
2448,749,100,0.57375579519,14,5,"Linn",0.00573888091822095,0.0036101083032491
2448,750,100,17.929868599677,730,10,"Linn",0.179340028694405,0.18824136152656
2448,751,100,10.829640634205,361,46,"Linn",0.10832137733142,0.093089221248066
2448,752,100,4.828257472913,186,8,"Linn",0.0483022477283596,0.0479628674574523
2448,760,100,2.226718919427,89,2,"Linn",0.0222381635581062,0.0229499742135121
2448,761,100,2.03205177463,85,0,"Linn",0.0203252032520325,0.0219185146982981
2448,762,100,6.622098136147,273,2,"Linn",0.0662362505978001,0.0703971119133574
2448,763,100,13.206299510476,534,9,"Linn",0.131994261119082,0.137699845281073
2448,772,100,10.763473844936,436,7,"Linn",0.107604017216643,0.112429087158329
2448,773,100,4.646296929673,110,42,"Linn",0.046389287422286,0.0283651366683858
2448,776,100,6.427430991351,261,4,"Linn",0.0643232902917264,0.0673027333677153
2449,726,100,0.065530799476,1,0,"Linn",0.000327761389708292,0.000634115409004439
2449,730,100,21.133682830931,93,276,"Linn",0.211406096361849,0.0589727330374128
2449,731,100,20.969855832241,0,320,"Linn",0.209767289413307,0
2449,733,100,0.229357798165,7,0,"Linn",0.00229432972795805,0.00443880786303107
2449,746,100,26.408912188728,796,5,"Linn",0.264175680104884,0.504755865567533
2449,747,100,0.065530799476,2,0,"Linn",0.000655522779416585,0.00126823081800888
2449,748,100,10.19003931848,81,115,"Linn",0.101933792199279,0.0513633481293595
2449,914,100,1.281528338727,3,18,"Linn",0.0127826941986234,0.00190234622701332
2449,915,100,19.655562093776,594,3,"Linn",0.196656833824975,0.376664552948637
2450,753,100,2.78963169584,99,0,"Linn",0.027896135721465,0.03155235001923
2450,755,96.782298985168,6.654224282652,222.599287665886,6.77476092896176,"Linn",0.0665418105145312,0.0709447539238922
2450,758,100,6.340072036001,207,9,"Linn",0.063400308457875,0.0659730954947537
2450,759,100,7.072702582383,215,18,"Linn",0.0707265663241183,0.0685227803447925
2450,778,100,11.797230336618,291,64,"Linn",0.118065463305998,0.092744786420161
2450,779,92.160833049863,15.667047378748,552.043389968679,1.84321666099726,"Linn",0.156593076514974,0.1759420834959
2450,784,100,37.309087472672,1200,62,"Linn",0.373075592881007,0.382452727505819
2450,785,100,5.79916305794,122,42,"Linn",0.0580465046325433,0.0388826939630916
2450,786,100,6.570841157145,229,2,"Linn",0.0656545416474883,0.0729847288323604
2451,736,100,1.133946093395,29,7,"Linn",0.0113385081207075,0.0109965362158273
2451,740,100,10.100855571763,359,12,"Linn",0.100991828144906,0.136129534533863
2451,741,100,5.088747911858,175,9,"Linn",0.0508914434255009,0.0663584081989581
2451,742,100,32.647099154032,484,377,"Linn",0.326443559382228,0.183528397533118
2451,743,100,1.898700435453,72,0,"Linn",0.0189854089463008,0.0273017450875713
2451,744,100,14.794040892902,561,0,"Linn",0.147927978039927,0.21272609714066
2451,754,100,6.750934881609,0,128,"Linn",0.0675036762535141,0
2451,755,3.217701014832,0.207042483,7.4007123341136,0.22523907103824,"Linn",0.00207025085980238,0.00280628280017242
2451,756,82.195208976512,17.699592707363,628.793348670317,21.3707543338931,"Linn",0.177074498448051,0.238432718307741
2451,916,100,7.674856075647,245,23,"Linn",0.0767326944912993,0.0929017714785413
2451,917,100,2.004183792978,76,0,"Linn",0.020040153887762,0.0288185087035475
2452,756,17.804791023488,5.180779401124,136.206651329683,4.62924566610688,"Linn",0.0518420898995716,0.0502926218305349
2452,757,100,0.229167598991,6,0,"Linn",0.00213833041858286,0.00221542581098203
2452,779,7.839166950137,1.685250283587,46.9566100313206,0.15678333900274,"Linn",0.0168465427915565,0.0173381476432675
2452,780,100,42.903417871434,1122,41,"Linn",0.429091637328961,0.414284626653639
2452,781,100,49.887695199342,1394,3,"Linn",0.498943764336001,0.514717263418157
2452,782,0.603425689395,0.113689645522,3.11971081417215,0.0362055413637,"Linn",0.00113763522532745,0.00115191464341946
2453,721,22.222222222222,0.139377045207,4.22222222222218,0,"Linn",0.00140734093132959,0.0102501869307854
2453,723,100,7.332444552175,20,100,"Linn",0.0733298695798054,0.0485535170405628
2453,725,100,0.399951521028,12,0,"Linn",0.00399981106798939,0.0291321102243377
2453,735,100,1.766452551206,51,1,"Linn",0.0176658322169531,0.123811468453435
2453,902,100,7.099139498243,57,78,"Linn",0.0709966464568116,0.138377523565604
2453,904,100,5.86595564174,18,79,"Linn",0.0586638956638443,0.0436981653365065
2453,905,100,0.866561628893,14,6,"Linn",0.008666257313977,0.033987461928394
2453,920,100,3.59956368925,0,54,"Linn",0.0359982996119045,0
2453,921,55.144032921811,4.466125318143,0.55144032921811,66.7242798353913,"Linn",0.0446645569258817,0.00133871837107725
2453,908,100,2.466367713004,30,22,"Linn",0.0246655015859346,0.0728302755608442
2453,922,100,1.936324433793,48,5,"Linn",0.0193324201619487,0.116528440897351
2453,911,100,37.995394497637,0,570,"Linn",0.379982051458992,0
2453,912,100,1.866440431463,26,15,"Linn",0.0186657849839505,0.0631195721527317
2453,1225,100,0.139377045207,4,0,"Linn",0.00133327035599646,0.00971070340811256
2453,923,68.799848082036,7.790453552062,48.1598936574252,92.8797949107486,"Linn",0.0779694782531129,0.116916610868374
2453,909,100,1.938474710788,54,2,"Linn",0.0193324201619487,0.13109449600952
2453,907,100,6.932493031148,16,96,"Linn",0.069330058511816,0.0388428136324502
2453,924,98.305084745763,5.799297054902,0.98305084745763,86.5084745762714,"Linn",0.0579972604858463,0.00238652880368869
2453,906,100,1.599806084111,8,20,"Linn",0.0159992442719575,0.0194214068162251
2454,721,66.666666666667,0.356450987989,12.6666666666667,0,"Linn",0.00359882564636805,0.00904977375565615
2454,722,100,40.94278703345,1387,27,"Linn",0.409413770243394,0.990950226244344
2454,913,100,58.700761978561,0,1033,"Linn",0.586987404110238,0
2456,1245,29.341483745485,12.868632707775,54.2817449291472,20.8324534592943,"Linn",1,1
2458,879,19.266055045872,0.538530580844,3.8532110091744,0,"Linn",0.00713769295778115,0.00955266188294124
2458,1245,70.658516254515,32.606744454417,130.718255070853,50.1675465407057,"Linn",0.428003515003849,0.324069273560878
2458,1246,100,23.422661024918,156,5,"Linn",0.307498610424022,0.386746339660784
2458,1244,46.031746031746,12.270803949224,64.9047619047619,11.047619047619,"Linn",0.161158910282469,0.160908199315521
2458,1250,16.837782340862,3.084156088387,19.1950718685827,1.34702258726896,"Linn",0.0405474281576407,0.0475873319532053
2458,1249,33.75748502994,4.240714621533,28.693862275449,0.6751497005988,"Linn",0.0556538431742378,0.0711361936266702
2461,1249,66.24251497006,3.216630715623,56.306137724551,1.3248502994012,"Linn",0.0346808058152268,0.157823899414578
2461,1105,100,4.579609832413,80,2,"Linn",0.0494130483312132,0.224236867656099
2461,1107,100,61.279541090857,16,554,"Linn",0.661193646717663,0.0448473735312197
2461,1111,100,22.41922867234,189,111,"Linn",0.241770986477722,0.529759599837533
2461,1160,29.72972972973,1.199421622775,15.4594594594596,3.2702702702703,"Linn",0.012941512658175,0.0433322595605708
2462,1131,100,46.231865451277,402,76,"Linn",0.462318358466569,0.413503081592223
2462,1132,100,13.685967389909,94,35,"Linn",0.136859586260862,0.096689775297684
2462,1137,100,39.889587880344,474,2,"Linn",0.398895623370072,0.487563335011726
2462,1138,0.352975480993,0.19257927847,2.18138847253674,0.06353558657874,"Linn",0.0019264319024976,0.0022438080983674
2463,1133,100,11.043676485184,19,104,"Linn",0.11042512728387,0.0153001411185403
2463,1134,100,9.194955311453,125,32,"Linn",0.0919398636856895,0.100658823148292
2463,1135,100,18.243958951296,17,179,"Linn",0.182420364455733,0.0136895999481677
2463,1136,100,8.075992495774,114,26,"Linn",0.0807514146657379,0.091800846711242
2463,1138,99.647024519007,31.694617686348,615.818611527463,17.9364644134213,"Linn",0.317018155477735,0.495900613673355
2463,1139,100,21.746799069945,351,48,"Linn",0.217445074431234,0.282649975400403
2464,1124,100,45.17087667162,168,220,"Linn",0.451708766716196,0.485549132947977
2464,1125,100,5.274888558692,71,0,"Linn",0.0527488855869242,0.205202312138728
2464,1127,100,5.720653789004,43,17,"Linn",0.0572065378900446,0.124277456647399
2464,1128,100,11.144130757801,26,62,"Linn",0.111441307578009,0.0751445086705202
2464,1129,100,14.561664190193,18,89,"Linn",0.145616641901932,0.0520231213872832
2464,1130,100,18.127786032689,20,112,"Linn",0.181277860326894,0.0578034682080925
2465,1235,74.666666666667,12.0224595398,54.5066666666669,0.74666666666667,"Linn",0.124758157137911,0.138479150412396
2465,1236,100,17.604315754707,82,0,"Linn",0.182681587237654,0.208328467474616
2465,1234,100,1.178024881647,5,0,"Linn",0.0111391211730277,0.012702955333818
2465,1237,71.021453730387,12.209622371463,55.3967339097019,0.71021453730387,"Linn",0.126578652637978,0.140740447298869
2465,1252,100,16.464824397226,25,26,"Linn",0.171542466064626,0.0635147766690902
2465,1253,100,23.560497632941,110,0,"Linn",0.245060665806609,0.279465017343997
2465,1251,100,10.734338874821,50,0,"Linn",0.111391211730277,0.12702955333818
2465,1112,100,1.073433887482,5,0,"Linn",0.0111391211730277,0.012702955333818
2465,1113,51.282051282051,0.429373554993,2.05128205128204,0,"Linn",0.00456989586585749,0.00521146885489968
2465,1161,0.959692898273,1.073433887482,4.65451055662405,0.17274472168914,"Linn",0.0111391211730329,0.011825207940316
2466,1241,100,2.728127939793,29,0,"Linn",0.027278433947869,0.0355556479690292
2466,1239,100,12.511759172154,39,47,"Linn",0.125104541898848,0.0478162162342117
2466,1244,53.968253968254,9.595484477893,76.0952380952381,12.952380952381,"Linn",0.095944836644229,0.0932970861321983
2466,1250,83.162217659138,10.159924741298,94.8049281314173,6.65297741273104,"Linn",0.10169295102707,0.116236229323096
2466,1240,100,9.031044214487,96,0,"Linn",0.0903010227239802,0.117701455345752
2466,1243,100,11.194731890875,49,35,"Linn",0.1119356427516,0.0600767844993942
2466,1248,100,13.358419567262,134,4,"Linn",0.133570262779221,0.164291614753445
2466,1247,100,20.696142991533,200,10,"Linn",0.206939843742455,0.24521136530365
2466,1242,100,7.055503292568,63,6,"Linn",0.0705476740031095,0.0772415800706497
2466,1238,100,2.728127939793,29,0,"Linn",0.027278433947869,0.0355556479690292
2466,1100,100,0.470366886171,5,0,"Linn",0.00470317826687397,0.00613028413259125
2466,1103,0.737463126844,0.470366886171,0.72271386430712,2.1386430678476,"Linn",0.00470317826687615,0.000886088266953128
2467,1101,100,34.529492147282,16,607,"Linn",0.34536979839389,0.0138077132797295
2467,1103,99.262536873156,18.897062952771,97.2772861356929,287.861356932152,"Linn",0.188970629527713,0.0839485547244906
2467,1104,100,4.247393347186,135,8,"Linn",0.0423990565507947,0.116502580797717
2467,1106,100,8.535969000955,126,89,"Linn",0.0853596900095469,0.10873574207787
2467,1108,100,10.333015106419,170,99,"Linn",0.103330151064188,0.146706953597126
2467,1110,1.370716510903,0.123546919751,3.49532710280265,0.45233644859799,"Linn",0.00123546919750621,0.00301640465339791
2467,1116,100,5.138428707812,161,11,"Linn",0.0513842870781154,0.138940114877278
2467,1119,100,4.576851799854,153,5,"Linn",0.0457685179985399,0.132036258237413
2467,1120,100,13.61824001797,297,94,"Linn",0.136182400179705,0.256305677754978
2468,1109,100,13.822434875066,126,15,"Linn",0.138224348750664,0.156813027042745
2468,1110,98.629283489097,28.052454368244,251.504672897197,32.547663551402,"Linn",0.280524543682439,0.313009595812737
2468,1123,100,15.062909799752,170,0,"Linn",0.150629097997519,0.211573131724338
2468,1193,100,26.581605528974,112,94,"Linn",0.265816055289739,0.139389357371329
2468,1126,100,16.480595427964,144,21,"Linn",0.164805954279638,0.179214888048851
2469,1113,48.717948717949,0.090822179732,1.94871794871796,0,"Linn",0.000931532370749889,0.0010719322990127
2469,1114,100,7.260566193887,146,3,"Linn",0.0726595249184909,0.0803102961918195
2469,1115,100,25.727005507834,532,3,"Linn",0.257176476356238,0.292637517630465
2469,1117,100,9.512428298279,189,5,"Linn",0.0951266148603927,0.103963328631876
2469,1118,100,7.982791586998,59,54,"Linn",0.0798298727722894,0.0324541607898449
2469,1121,100,15.487571701721,322,1,"Linn",0.154879513642046,0.177122708039492
2469,1122,100,33.938814531549,568,71,"Linn",0.339396465079793,0.312440056417489
2470,1146,97.59594745428,29.545900711995,551.417103116682,15.6153515926848,"Linn",0.295360693720449,0.462357539423201
2470,1148,100,16.574244381986,9,159,"Linn",0.165765571932003,0.00754640694183959
2470,1149,100,22.301735559859,324,58,"Linn",0.223048475994133,0.271670649906225
2470,1150,100,4.86583321306,88,4,"Linn",0.0486651220350835,0.0737870900979871
2470,1151,100,5.930234228417,59,29,"Linn",0.0593106174802581,0.0494708899520596
2470,1152,100,20.679791155505,160,124,"Linn",0.206826768649105,0.134158345632704
2470,1163,0.884887657741,0.102260749178,1.20344721452776,0.40704832256086,"Linn",0.00102275018896849,0.00100907804598331
2471,1153,100,39.564300773014,403,80,"Linn",0.395643007730148,0.361434977578475
2471,1154,100,34.826743416973,348,74,"Linn",0.348559381588194,0.312107623318386
2471,1155,100,12.860154602952,183,0,"Linn",0.128601546029515,0.164125560538117
2471,1156,100,12.748801207061,181,0,"Linn",0.127196064652143,0.162331838565022
2472,1157,100,20.049504950495,300,12,"Linn",0.200495049504951,0.205685060964311
2472,1158,100,76.670792079208,1121,59,"Linn",0.766707920792079,0.768576511136642
2472,1160,70.27027027027,3.217821782178,36.5405405405404,7.7297297297297,"Linn",0.0321782178217821,0.0250528110291664
2472,1167,1.388888888889,0.061881188119,1.00000000000008,0,"Linn",0.000618811881188168,0.000685616869881091
2473,1166,100,41.023339317774,35,211,"Linn",0.410233393177738,0.0655430711610487
2473,1167,98.611111111111,6.373429084381,70.9999999999999,0,"Linn",0.063734290843806,0.132958801498127
2473,1168,100,45.24236983842,346,79,"Linn",0.452423698384201,0.647940074906367
2473,1169,100,7.360861759425,82,0,"Linn",0.0736086175942549,0.153558052434457
2474,1163,99.115112342259,11.770027138406,134.796552785472,45.5929516774391,"Linn",0.117695709810174,0.14483209382395
2474,1164,100,21.09394274436,325,40,"Linn",0.210931252307109,0.349196099752609
2474,1165,100,19.166841802283,62,153,"Linn",0.191660989750657,0.0666158713374209
2474,1171,0.181855081451,0.098380528575,1.80945806043745,0.04000811791922,"Linn",0.000984072048186583,0.00194417137652517
2474,1172,90.409074142383,17.089276522385,310.103124308374,9.0409074142383,"Linn",0.170924593087575,0.333190158552562
2474,1173,100,30.781531263991,97,247,"Linn",0.307803382996299,0.104221605156933
2475,1170,100,23.351548269581,593,24,"Linn",0.233521813172979,0.225235345011545
2475,1171,99.818144918549,37.770098447245,993.190541939562,21.9599918820808,"Linn",0.377828284591444,0.377237123736864
2475,1172,9.590925857617,1.268022911317,32.8968756916263,0.9590925857617,"Linn",0.0126834261130895,0.0124950069919146
2475,1174,100,7.402820134321,203,0,"Linn",0.0739546459814583,0.0771041737560599
2475,1175,100,30.134650492545,809,9,"Linn",0.301283212939242,0.307277224476121
2475,1181,7.142857142857,0.072859744991,1.71428571428568,0.14285714285714,"Linn",0.000728617201787752,0.000651126027496623
2476,1194,100,14.938235990247,288,72,"Linn",0.149594359885698,0.174999265420018
2476,1195,96.552646944336,6.607232655859,184.415555663682,2.89657940833008,"Linn",0.0658660900170562,0.112057592962392
2476,1176,100,28.741720102491,0,415,"Linn",0.287415089595207,0
2476,1180,100,0.415542941241,12,0,"Linn",0.00415539888571384,0.00729163605916743
2476,1181,92.857142857143,0.900343039355,22.2857142857143,1.85714285714286,"Linn",0.00900336425238,0.0135416098241681
2476,1182,100,8.761030344494,227,13,"Linn",0.0876096598404668,0.137933448785917
2476,1183,100,11.600573776307,331,2,"Linn",0.116004885559511,0.201127627965368
2476,1184,97.099215246637,7.49816937463,96.1282230941706,60.2015134529149,"Linn",0.0749811429143522,0.0584110014847621
2476,1186,100,5.748344020498,66,50,"Linn",0.0574830179190414,0.0401039983254209
2476,1187,100,2.146971863078,56,3,"Linn",0.0214695609095215,0.0340276349427813
2476,1188,100,5.679086863625,164,0,"Linn",0.0567904514380891,0.0996523594752882
2476,1189,100,5.0904010302,145,1,"Linn",0.0509036363499945,0.0881072690482731
2476,1190,100,1.80068607871,52,0,"Linn",0.01800672850476,0.0315970895897255
2476,1191,1.269597818678,0.071661919265,1.89170074983022,0.08887184730746,"Linn",0.000716613928207836,0.00114946611671801
2477,1258,24.207338795867,7.514171376409,57.3713929462048,26.8701460634124,"Linn",0.0752510980755061,0.0452928593196032
2477,1257,98.488529014845,8.672149001932,126.065317139002,0.98488529014845,"Linn",0.0867125805601668,0.0995244908836692
2477,1195,3.447353055664,0.461428317253,6.58444433631824,0.10342059166992,"Linn",0.00459944147514872,0.00519820586023175
2477,1177,100,15.603583463481,132,49,"Linn",0.155768968367194,0.104209731072655
2477,1178,100,9.390925364408,139,0,"Linn",0.0941386374045218,0.109736004690144
2477,1179,100,29.12383619746,424,3,"Linn",0.291220245208233,0.334734287687923
2477,1184,2.900784753363,0.438145237025,2.87177690582937,1.79848654708506,"Linn",0.004381002235327,0.00226717499285712
2477,1185,100,8.466574628497,105,10,"Linn",0.0846570480256491,0.0828941042623393
2477,1191,2.539195637355,0.280337693255,3.78340149965895,0.17774369461485,"Linn",0.00280308892351578,0.00298687312741924
2477,1192,100,20.04884872028,270,13,"Linn",0.200467889724737,0.213156268103158
2479,1260,100,18.471259219068,243,19,"Linn",0.305471865921363,0.351344634275805
2479,1259,100,19.193548387097,269,11,"Linn",0.316342750829597,0.388937064280623
2479,1258,75.792661204133,22.818180097538,179.628607053795,84.1298539365876,"Linn",0.378185383249041,0.259718301443572
2480,1257,1.511470985155,0.126380702118,1.9346828609984,0.01511470985155,"Linn",0.00187356372312217,0.00213715811733416
2480,1256,100,23.669300068127,330,19,"Linn",0.350891720144783,0.364536324240924
2480,1254,100,25.888296949514,311,46,"Linn",0.384264573962901,0.343547869208871
2480,1255,100,7.65393127203,119,0,"Linn",0.113467702981601,0.131454007832333
2480,1191,96.191206543967,10.084644039443,143.324897750511,6.73338445807769,"Linn",0.149502439187592,0.158324640600538
2483,1237,28.978546269613,0.854612072222,22.6032660902981,0.28978546269613,"Linn",0.00853711579982749,0.0123210008726306
2483,1140,100,5.487459394123,83,33,"Linn",0.0548694818202522,0.0452431550530336
2483,1141,100,7.660345999849,0,104,"Linn",0.0765963236148488,0
2483,1142,100,1.694114980736,10,18,"Linn",0.0169395715686685,0.00545098253651008
2483,1143,100,4.787716249906,92,19,"Linn",0.0478727022592805,0.0501490393358927
2483,1144,100,9.612261086349,3,129,"Linn",0.0961136560744016,0.00163529476095302
2483,1145,100,23.854536526402,426,111,"Linn",0.238627008184721,0.232211856055329
2483,1146,2.40405254572,0.528820729773,13.582896883318,0.3846484073152,"Linn",0.00528521765899543,0.00740401337061836
2483,1147,100,15.431177759311,411,4,"Linn",0.154297401897219,0.224035382250564
2483,1161,99.040307101727,19.003550653471,480.345489443376,17.8272552783109,"Linn",0.190017802813759,0.261835487444723
2483,1162,100,11.085404547858,293,4,"Linn",0.110843718308026,0.159713788319745
2485,265,100,10.346123492052,144,53,"Benton",0.124144947833509,0.313558216754042
2485,266,100,0.859859446052,15,3,"Benton",0.0104281756180147,0.0326623142452127
2485,267,100,0.868127325341,21,0,"Benton",0.0104281756180147,0.0457272399432978
2485,268,100,2.521703183134,57,2,"Benton",0.0302913672713761,0.124116794131808
2485,304,4.040691955952,2.273666804465,45.1345291479838,4.92964418626144,"Benton",0.0273088184289952,0.0982798782894108
2485,320,100,10.500206696982,14,120,"Benton",0.126131266998845,0.0304848266288652
2485,321,100,15.874328234808,0,192,"Benton",0.190686639872269,0
2485,322,100,0.256304257958,6,0,"Benton",0.00297947874800421,0.0130649256980851
2485,1220,83.127160269238,39.768499379909,157.11033290886,402.335455703112,"Benton",0.477601129610972,0.342105804309278
